time,taker,case,base,quote,price,quantity
2022-10-11 23:22:47.300418,Fsb16JMXAWLML5PTLKVh5Lg1xviVB6ah5p7YYcJEw3g2,buy,Mango,USD Coin,0.0249,1003
2022-10-11 23:22:47.300418,EDMGEpKKGKS7nxpu1gjLmuHHWAmvLNy3BZWDxNC3nhAt,buy,Mango,USD Coin,0.0246,406
2022-10-11 23:22:47.300418,EDMGEpKKGKS7nxpu1gjLmuHHWAmvLNy3BZWDxNC3nhAt,buy,Mango,USD Coin,0.0246,406
2022-10-11 23:22:47.300418,EDMGEpKKGKS7nxpu1gjLmuHHWAmvLNy3BZWDxNC3nhAt,buy,Mango,USD Coin,0.0246,406
2022-10-11 23:22:47.300418,Mango,sell,Mango,USD Coin,0.0216,383
2022-10-11 23:22:47.300418,EDMGEpKKGKS7nxpu1gjLmuHHWAmvLNy3BZWDxNC3nhAt,buy,Mango,USD Coin,0.0246,278
2022-10-11 23:22:47.300418,EDMGEpKKGKS7nxpu1gjLmuHHWAmvLNy3BZWDxNC3nhAt,buy,Mango,USD Coin,0.0248,1363
2022-10-11 23:22:47.300418,EDMGEpKKGKS7nxpu1gjLmuHHWAmvLNy3BZWDxNC3nhAt,buy,Mango,USD Coin,0.0249,375
2022-10-11 23:21:12.087507,dantebriger.sol,sell,Mango,USD Coin,0.0208,452
2022-10-11 23:20:03.200232,Mango,sell,Mango,USD Coin,0.0214,8
2022-10-11 23:19:08.288137,EDMGEpKKGKS7nxpu1gjLmuHHWAmvLNy3BZWDxNC3nhAt,buy,Mango,USD Coin,0.0238,251
2022-10-11 23:19:08.288137,EDMGEpKKGKS7nxpu1gjLmuHHWAmvLNy3BZWDxNC3nhAt,buy,Mango,USD Coin,0.0238,419
2022-10-11 23:19:08.288137,EDMGEpKKGKS7nxpu1gjLmuHHWAmvLNy3BZWDxNC3nhAt,buy,Mango,USD Coin,0.024,167
2022-10-11 23:18:49.60687,Ai5ZrhuwvDiLubv7gNpVS1v9qrKo5kxfARZGtKagkvH9,buy,Mango,USD Coin,0.0238,450
2022-10-11 23:18:49.60687,EDMGEpKKGKS7nxpu1gjLmuHHWAmvLNy3BZWDxNC3nhAt,buy,Mango,USD Coin,0.0235,425
2022-10-11 23:18:49.60687,Ai5ZrhuwvDiLubv7gNpVS1v9qrKo5kxfARZGtKagkvH9,buy,Mango,USD Coin,0.0235,604
2022-10-11 23:18:49.60687,Ai5ZrhuwvDiLubv7gNpVS1v9qrKo5kxfARZGtKagkvH9,buy,Mango,USD Coin,0.024,423
2022-10-11 23:18:43.753145,ecEnSL3pdtJuFjTkCxovdajw5BH7gGQC9Qsf1EVQFdj,buy,Mango,USD Coin,0.0235,1029
2022-10-11 23:18:43.753145,ecEnSL3pdtJuFjTkCxovdajw5BH7gGQC9Qsf1EVQFdj,buy,Mango,USD Coin,0.0238,393
2022-10-11 23:18:38.319465,Mango,buy,Mango,USD Coin,0.0236,64
2022-10-11 23:18:38.319465,Mango,buy,Mango,USD Coin,0.0238,519
2022-10-11 23:15:22.611062,Gm8QV6YoyeycPmra3NXYQ5ZqwoHwenx5CxMftMeonP4n,buy,Mango,USD Coin,0.0239,1185
2022-10-11 23:15:22.611062,Gm8QV6YoyeycPmra3NXYQ5ZqwoHwenx5CxMftMeonP4n,buy,Mango,USD Coin,0.0238,630
2022-10-11 23:14:44.874067,JA6hRexXi9UjWpBqopis25A6SLnkWqPJ61mPm3UqTcB5,buy,Mango,USD Coin,0.0237,63
2022-10-11 23:14:44.874067,Mango,sell,Mango,USD Coin,0.0198,185
2022-10-11 23:14:44.874067,JA6hRexXi9UjWpBqopis25A6SLnkWqPJ61mPm3UqTcB5,buy,Mango,USD Coin,0.023,65
2022-10-11 23:14:44.874067,JA6hRexXi9UjWpBqopis25A6SLnkWqPJ61mPm3UqTcB5,buy,Mango,USD Coin,0.0236,213
2022-10-11 23:14:44.874067,JA6hRexXi9UjWpBqopis25A6SLnkWqPJ61mPm3UqTcB5,buy,Mango,USD Coin,0.0237,171
2022-10-11 23:14:17.569337,EDMGEpKKGKS7nxpu1gjLmuHHWAmvLNy3BZWDxNC3nhAt,buy,Mango,USD Coin,0.0236,423
2022-10-11 23:14:06.759525,EDMGEpKKGKS7nxpu1gjLmuHHWAmvLNy3BZWDxNC3nhAt,buy,Mango,USD Coin,0.023,268
2022-10-11 23:14:06.759525,EDMGEpKKGKS7nxpu1gjLmuHHWAmvLNy3BZWDxNC3nhAt,buy,Mango,USD Coin,0.023,434
2022-10-11 23:14:06.759525,EDMGEpKKGKS7nxpu1gjLmuHHWAmvLNy3BZWDxNC3nhAt,buy,Mango,USD Coin,0.0231,165
2022-10-11 23:14:06.759525,EDMGEpKKGKS7nxpu1gjLmuHHWAmvLNy3BZWDxNC3nhAt,buy,Mango,USD Coin,0.0231,432
2022-10-11 23:13:00.527534,EDMGEpKKGKS7nxpu1gjLmuHHWAmvLNy3BZWDxNC3nhAt,buy,Mango,USD Coin,0.023,434
2022-10-11 23:13:00.527534,Fsb16JMXAWLML5PTLKVh5Lg1xviVB6ah5p7YYcJEw3g2,buy,Mango,USD Coin,0.023,706
2022-10-11 23:13:00.527534,Fsb16JMXAWLML5PTLKVh5Lg1xviVB6ah5p7YYcJEw3g2,buy,Mango,USD Coin,0.0234,374
2022-10-11 23:13:00.527534,GjtTWjJ6hRemHVP48wMxQ9KrhpayYHLwJtsvWP5G8m2P,buy,Mango,USD Coin,0.0234,469
2022-10-11 23:11:36.645008,D3JbmVta9PM8jcjsAzbq1cGipQH35HdMiQiDUawbs5Z3,sell,Mango,USD Coin,0.0202,112
2022-10-11 23:11:36.645008,D3JbmVta9PM8jcjsAzbq1cGipQH35HdMiQiDUawbs5Z3,sell,Mango,USD Coin,0.02,1555
2022-10-11 23:11:36.645008,D3JbmVta9PM8jcjsAzbq1cGipQH35HdMiQiDUawbs5Z3,sell,Mango,USD Coin,0.0202,549
2022-10-11 23:11:18.881237,EDMGEpKKGKS7nxpu1gjLmuHHWAmvLNy3BZWDxNC3nhAt,sell,Mango,USD Coin,0.0204,98
2022-10-11 23:11:18.881237,EDMGEpKKGKS7nxpu1gjLmuHHWAmvLNy3BZWDxNC3nhAt,sell,Mango,USD Coin,0.0202,397
2022-10-11 23:11:18.881237,D3JbmVta9PM8jcjsAzbq1cGipQH35HdMiQiDUawbs5Z3,sell,Mango,USD Coin,0.0202,738
2022-10-11 23:11:13.450647,Mango,sell,Mango,USD Coin,0.0204,97
2022-10-11 23:11:08.244923,EDMGEpKKGKS7nxpu1gjLmuHHWAmvLNy3BZWDxNC3nhAt,sell,Mango,USD Coin,0.0204,493
2022-10-11 23:11:03.037531,Fsb16JMXAWLML5PTLKVh5Lg1xviVB6ah5p7YYcJEw3g2,sell,Mango,USD Coin,0.0218,934
2022-10-11 23:11:03.037477,EFtvVdhGYobBWux75PRsyaQRJYsMtdHF2SH9PuSUGYdy,sell,Mango,USD Coin,0.021,1044
2022-10-11 23:11:03.037477,EDMGEpKKGKS7nxpu1gjLmuHHWAmvLNy3BZWDxNC3nhAt,sell,Mango,USD Coin,0.0208,1223
2022-10-11 23:11:03.037477,Fsb16JMXAWLML5PTLKVh5Lg1xviVB6ah5p7YYcJEw3g2,sell,Mango,USD Coin,0.0208,331
2022-10-11 23:11:03.037477,Fsb16JMXAWLML5PTLKVh5Lg1xviVB6ah5p7YYcJEw3g2,sell,Mango,USD Coin,0.0205,889
2022-10-11 23:11:03.037477,Fsb16JMXAWLML5PTLKVh5Lg1xviVB6ah5p7YYcJEw3g2,sell,Mango,USD Coin,0.0205,311
2022-10-11 23:11:03.037477,Fsb16JMXAWLML5PTLKVh5Lg1xviVB6ah5p7YYcJEw3g2,sell,Mango,USD Coin,0.0204,178
2022-10-11 23:11:03.037477,EDMGEpKKGKS7nxpu1gjLmuHHWAmvLNy3BZWDxNC3nhAt,sell,Mango,USD Coin,0.0213,793
2022-10-11 23:11:03.037477,EDMGEpKKGKS7nxpu1gjLmuHHWAmvLNy3BZWDxNC3nhAt,sell,Mango,USD Coin,0.0204,39
2022-10-11 23:11:03.037477,EDMGEpKKGKS7nxpu1gjLmuHHWAmvLNy3BZWDxNC3nhAt,sell,Mango,USD Coin,0.0202,389
2022-10-11 23:11:03.037477,EDMGEpKKGKS7nxpu1gjLmuHHWAmvLNy3BZWDxNC3nhAt,sell,Mango,USD Coin,0.0202,500
2022-10-11 23:11:03.037477,EDMGEpKKGKS7nxpu1gjLmuHHWAmvLNy3BZWDxNC3nhAt,sell,Mango,USD Coin,0.0202,559
2022-10-11 23:11:03.037477,EDMGEpKKGKS7nxpu1gjLmuHHWAmvLNy3BZWDxNC3nhAt,sell,Mango,USD Coin,0.0201,688
2022-10-11 23:11:03.037477,ecEnSL3pdtJuFjTkCxovdajw5BH7gGQC9Qsf1EVQFdj,sell,Mango,USD Coin,0.0205,673
2022-10-11 23:11:03.037477,AasQTQH9oroodW5vi3uEoDuLyJDVfMz7GWehvisdGmDX,sell,Mango,USD Coin,0.0203,764
2022-10-11 23:11:03.037477,ecEnSL3pdtJuFjTkCxovdajw5BH7gGQC9Qsf1EVQFdj,sell,Mango,USD Coin,0.0201,131
2022-10-11 23:11:03.037477,AasQTQH9oroodW5vi3uEoDuLyJDVfMz7GWehvisdGmDX,sell,Mango,USD Coin,0.0201,45
2022-10-11 23:11:03.037477,Fsb16JMXAWLML5PTLKVh5Lg1xviVB6ah5p7YYcJEw3g2,sell,Mango,USD Coin,0.021,282
2022-10-11 23:11:03.037477,Fsb16JMXAWLML5PTLKVh5Lg1xviVB6ah5p7YYcJEw3g2,sell,Mango,USD Coin,0.021,458
2022-10-11 23:11:03.037477,Fsb16JMXAWLML5PTLKVh5Lg1xviVB6ah5p7YYcJEw3g2,sell,Mango,USD Coin,0.0195,28
2022-10-11 23:11:03.037477,BfFnFMGgewgeCQ9MBEQzt5BCwVCb5heVwGDtTpbJuWec,sell,Mango,USD Coin,0.0204,1653
2022-10-11 23:10:27.58592,MAJ7epR484m7D515h9AwQNdfJ4TSGk4RmhrWH29iv47,sell,Mango,USD Coin,0.0224,76
2022-10-11 23:10:27.58592,Mango,sell,Mango,USD Coin,0.0229,77
2022-10-11 23:10:27.58592,EDMGEpKKGKS7nxpu1gjLmuHHWAmvLNy3BZWDxNC3nhAt,sell,Mango,USD Coin,0.0224,455
2022-10-11 23:10:27.58592,MAJ7epR484m7D515h9AwQNdfJ4TSGk4RmhrWH29iv47,sell,Mango,USD Coin,0.0219,21
2022-10-11 23:08:47.418384,EDMGEpKKGKS7nxpu1gjLmuHHWAmvLNy3BZWDxNC3nhAt,buy,Mango,USD Coin,0.026,174
2022-10-11 23:08:47.418384,EDMGEpKKGKS7nxpu1gjLmuHHWAmvLNy3BZWDxNC3nhAt,buy,Mango,USD Coin,0.0259,385
2022-10-11 23:08:47.418384,EDMGEpKKGKS7nxpu1gjLmuHHWAmvLNy3BZWDxNC3nhAt,buy,Mango,USD Coin,0.0259,211
2022-10-11 23:08:41.21397,JA6hRexXi9UjWpBqopis25A6SLnkWqPJ61mPm3UqTcB5,buy,Mango,USD Coin,0.026,834
2022-10-11 23:08:41.21397,EDMGEpKKGKS7nxpu1gjLmuHHWAmvLNy3BZWDxNC3nhAt,buy,Mango,USD Coin,0.026,384
2022-10-11 23:08:35.413921,JA6hRexXi9UjWpBqopis25A6SLnkWqPJ61mPm3UqTcB5,buy,Mango,USD Coin,0.026,524
2022-10-11 23:08:35.413921,Mango,sell,Mango,USD Coin,0.0219,62
2022-10-11 23:08:35.413921,JA6hRexXi9UjWpBqopis25A6SLnkWqPJ61mPm3UqTcB5,buy,Mango,USD Coin,0.0258,840
2022-10-11 23:08:24.612446,Fsb16JMXAWLML5PTLKVh5Lg1xviVB6ah5p7YYcJEw3g2,buy,Mango,USD Coin,0.0258,840
2022-10-11 23:08:24.612446,Fsb16JMXAWLML5PTLKVh5Lg1xviVB6ah5p7YYcJEw3g2,buy,Mango,USD Coin,0.026,127
2022-10-11 23:07:40.392408,JA6hRexXi9UjWpBqopis25A6SLnkWqPJ61mPm3UqTcB5,buy,Mango,USD Coin,0.025,163
2022-10-11 23:07:34.573,EDMGEpKKGKS7nxpu1gjLmuHHWAmvLNy3BZWDxNC3nhAt,buy,Mango,USD Coin,0.025,399
2022-10-11 23:07:28.764221,Fsb16JMXAWLML5PTLKVh5Lg1xviVB6ah5p7YYcJEw3g2,buy,Mango,USD Coin,0.0248,633
2022-10-11 23:07:28.764221,Fsb16JMXAWLML5PTLKVh5Lg1xviVB6ah5p7YYcJEw3g2,buy,Mango,USD Coin,0.0252,368
2022-10-11 23:07:23.11375,Ai5ZrhuwvDiLubv7gNpVS1v9qrKo5kxfARZGtKagkvH9,buy,Mango,USD Coin,0.0249,105
2022-10-11 23:07:23.11375,EDMGEpKKGKS7nxpu1gjLmuHHWAmvLNy3BZWDxNC3nhAt,buy,Mango,USD Coin,0.0249,401
2022-10-11 23:07:23.11375,Fsb16JMXAWLML5PTLKVh5Lg1xviVB6ah5p7YYcJEw3g2,buy,Mango,USD Coin,0.0249,496
2022-10-11 23:07:23.11375,Fsb16JMXAWLML5PTLKVh5Lg1xviVB6ah5p7YYcJEw3g2,buy,Mango,USD Coin,0.0251,1493
2022-10-11 23:07:23.11375,Fsb16JMXAWLML5PTLKVh5Lg1xviVB6ah5p7YYcJEw3g2,buy,Mango,USD Coin,0.0252,1989
2022-10-11 23:07:23.11375,Ai5ZrhuwvDiLubv7gNpVS1v9qrKo5kxfARZGtKagkvH9,buy,Mango,USD Coin,0.0248,303
2022-10-11 23:07:23.11375,Ai5ZrhuwvDiLubv7gNpVS1v9qrKo5kxfARZGtKagkvH9,buy,Mango,USD Coin,0.0246,728
2022-10-11 23:07:11.459494,EDMGEpKKGKS7nxpu1gjLmuHHWAmvLNy3BZWDxNC3nhAt,buy,Mango,USD Coin,0.0248,1739
2022-10-11 23:07:11.459494,EDMGEpKKGKS7nxpu1gjLmuHHWAmvLNy3BZWDxNC3nhAt,buy,Mango,USD Coin,0.0248,1187
2022-10-11 23:07:11.459494,EDMGEpKKGKS7nxpu1gjLmuHHWAmvLNy3BZWDxNC3nhAt,buy,Mango,USD Coin,0.0244,421
2022-10-11 23:07:11.459494,EDMGEpKKGKS7nxpu1gjLmuHHWAmvLNy3BZWDxNC3nhAt,buy,Mango,USD Coin,0.0244,701
2022-10-11 23:06:58.650583,GjtTWjJ6hRemHVP48wMxQ9KrhpayYHLwJtsvWP5G8m2P,buy,Mango,USD Coin,0.0243,26
2022-10-11 23:06:58.650583,Mango,sell,Mango,USD Coin,0.0199,4
2022-10-11 23:06:58.650583,EDMGEpKKGKS7nxpu1gjLmuHHWAmvLNy3BZWDxNC3nhAt,buy,Mango,USD Coin,0.0235,425
2022-10-11 23:06:58.650583,GjtTWjJ6hRemHVP48wMxQ9KrhpayYHLwJtsvWP5G8m2P,buy,Mango,USD Coin,0.0241,1384
2022-10-11 23:06:58.650583,Fsb16JMXAWLML5PTLKVh5Lg1xviVB6ah5p7YYcJEw3g2,buy,Mango,USD Coin,0.0243,1028
2022-10-11 23:06:58.650583,JA6hRexXi9UjWpBqopis25A6SLnkWqPJ61mPm3UqTcB5,buy,Mango,USD Coin,0.0243,183
2022-10-11 23:06:58.650583,Fsb16JMXAWLML5PTLKVh5Lg1xviVB6ah5p7YYcJEw3g2,buy,Mango,USD Coin,0.0242,1032
2022-10-11 23:06:58.650583,Fsb16JMXAWLML5PTLKVh5Lg1xviVB6ah5p7YYcJEw3g2,buy,Mango,USD Coin,0.024,903
2022-10-11 23:06:58.650583,Fsb16JMXAWLML5PTLKVh5Lg1xviVB6ah5p7YYcJEw3g2,buy,Mango,USD Coin,0.0242,411
2022-10-11 23:06:58.650583,Fsb16JMXAWLML5PTLKVh5Lg1xviVB6ah5p7YYcJEw3g2,buy,Mango,USD Coin,0.0243,1
2022-10-11 23:06:58.650583,Fsb16JMXAWLML5PTLKVh5Lg1xviVB6ah5p7YYcJEw3g2,buy,Mango,USD Coin,0.0244,751
2022-10-11 23:06:58.650583,EDMGEpKKGKS7nxpu1gjLmuHHWAmvLNy3BZWDxNC3nhAt,buy,Mango,USD Coin,0.0244,409
2022-10-11 23:06:02.746842,Fsb16JMXAWLML5PTLKVh5Lg1xviVB6ah5p7YYcJEw3g2,buy,Mango,USD Coin,0.0223,667
2022-10-11 23:06:02.746842,Fsb16JMXAWLML5PTLKVh5Lg1xviVB6ah5p7YYcJEw3g2,buy,Mango,USD Coin,0.0217,466
2022-10-11 23:06:02.746842,EDMGEpKKGKS7nxpu1gjLmuHHWAmvLNy3BZWDxNC3nhAt,buy,Mango,USD Coin,0.0217,460
2022-10-11 23:05:57.678849,Mango,sell,Mango,USD Coin,0.0189,1
2022-10-11 23:05:57.678849,Mango,sell,Mango,USD Coin,0.0189,5
2022-10-11 23:05:57.678849,Mango,sell,Mango,USD Coin,0.0189,6
2022-10-11 23:05:57.678849,Mango,sell,Mango,USD Coin,0.0187,14
2022-10-11 23:05:57.678849,Mango,sell,Mango,USD Coin,0.0187,9
2022-10-11 23:05:06.79148,Mango,sell,Mango,USD Coin,0.0186,3
2022-10-11 23:05:06.79148,Mango,sell,Mango,USD Coin,0.0186,17
2022-10-11 23:05:06.79148,Mango,sell,Mango,USD Coin,0.0186,86
2022-10-11 23:05:06.79148,Mango,sell,Mango,USD Coin,0.0186,5
2022-10-11 23:05:00.694955,Mango,sell,Mango,USD Coin,0.0186,156
2022-10-11 23:05:00.694955,Mango,sell,Mango,USD Coin,0.0186,21
2022-10-11 23:05:00.694955,Mango,sell,Mango,USD Coin,0.0186,14
2022-10-11 23:04:51.525762,Mango,sell,Mango,USD Coin,0.0187,3
2022-10-11 23:04:51.525762,Mango,sell,Mango,USD Coin,0.0187,24
2022-10-11 23:04:51.525762,Mango,sell,Mango,USD Coin,0.0155,9
2022-10-11 23:04:51.525762,Mango,sell,Mango,USD Coin,0.0187,40
2022-10-11 23:04:51.525762,Mango,sell,Mango,USD Coin,0.0187,6
2022-10-11 23:04:46.515889,Mango,sell,Mango,USD Coin,0.0187,4
2022-10-11 23:04:46.515889,Mango,sell,Mango,USD Coin,0.0187,7
2022-10-11 23:04:46.515889,Mango,sell,Mango,USD Coin,0.0187,6
2022-10-11 23:04:46.515889,Mango,sell,Mango,USD Coin,0.0187,23
2022-10-11 23:04:46.515889,Mango,sell,Mango,USD Coin,0.0187,452
2022-10-11 23:04:46.515889,Mango,sell,Mango,USD Coin,0.0187,22
2022-10-11 23:04:46.515889,Mango,sell,Mango,USD Coin,0.0187,84
2022-10-11 23:04:40.636119,Mango,sell,Mango,USD Coin,0.0186,5
2022-10-11 23:04:40.636119,Mango,sell,Mango,USD Coin,0.0186,244
2022-10-11 23:04:40.636119,Mango,sell,Mango,USD Coin,0.0155,47
2022-10-11 23:04:40.636119,Mango,sell,Mango,USD Coin,0.0186,5
2022-10-11 23:04:40.636119,Mango,sell,Mango,USD Coin,0.0186,1
2022-10-11 23:04:28.739987,EFtvVdhGYobBWux75PRsyaQRJYsMtdHF2SH9PuSUGYdy,buy,Mango,USD Coin,0.0215,126
2022-10-11 23:04:28.739987,Mango,sell,Mango,USD Coin,0.0177,1864
2022-10-11 23:04:28.739987,Mango,sell,Mango,USD Coin,0.0177,2005
2022-10-11 23:04:28.739987,EFtvVdhGYobBWux75PRsyaQRJYsMtdHF2SH9PuSUGYdy,buy,Mango,USD Coin,0.0164,2436
2022-10-11 23:04:28.739987,EDMGEpKKGKS7nxpu1gjLmuHHWAmvLNy3BZWDxNC3nhAt,sell,Mango,USD Coin,0.0186,538
2022-10-11 23:04:23.112253,Fsb16JMXAWLML5PTLKVh5Lg1xviVB6ah5p7YYcJEw3g2,sell,Mango,USD Coin,0.0186,538
2022-10-11 23:04:10.644632,Fsb16JMXAWLML5PTLKVh5Lg1xviVB6ah5p7YYcJEw3g2,sell,Mango,USD Coin,0.0187,536
2022-10-11 23:04:04.42641,EDMGEpKKGKS7nxpu1gjLmuHHWAmvLNy3BZWDxNC3nhAt,sell,Mango,USD Coin,0.0187,536
2022-10-11 23:03:58.421037,Mango,sell,Mango,USD Coin,0.0177,5
2022-10-11 23:03:58.421037,Mango,sell,Mango,USD Coin,0.0186,16
2022-10-11 23:03:58.421037,Mango,sell,Mango,USD Coin,0.0186,1
2022-10-11 23:03:58.421037,Mango,sell,Mango,USD Coin,0.0186,48
2022-10-11 23:03:58.421037,Mango,sell,Mango,USD Coin,0.0186,60
2022-10-11 23:03:58.421037,Mango,sell,Mango,USD Coin,0.0186,1
2022-10-11 23:03:58.421037,Mango,sell,Mango,USD Coin,0.0185,5
2022-10-11 23:03:58.421037,Mango,sell,Mango,USD Coin,0.0185,16
2022-10-11 23:03:58.421037,Mango,sell,Mango,USD Coin,0.0184,5
2022-10-11 23:03:58.421037,Mango,sell,Mango,USD Coin,0.0184,264
2022-10-11 23:03:58.421037,Mango,buy,Mango,USD Coin,0.0219,577
2022-10-11 23:03:58.421037,Mango,buy,Mango,USD Coin,0.022,830
2022-10-11 23:03:58.421037,Mango,buy,Mango,USD Coin,0.0223,586
2022-10-11 23:03:58.421037,Mango,buy,Mango,USD Coin,0.0233,565
2022-10-11 23:03:58.421037,Mango,buy,Mango,USD Coin,0.0242,645
2022-10-11 23:03:58.421037,Mango,buy,Mango,USD Coin,0.0258,1797
2022-10-11 23:03:58.421037,Mango,sell,Mango,USD Coin,0.0187,3
2022-10-11 23:03:23.511551,Mango,sell,Mango,USD Coin,0.0184,120
2022-10-11 23:03:23.511551,Mango,sell,Mango,USD Coin,0.0184,1
2022-10-11 23:03:23.511551,Mango,sell,Mango,USD Coin,0.0184,4
2022-10-11 23:03:07.249821,Mango,sell,Mango,USD Coin,0.0197,17
2022-10-11 23:03:07.249821,Mango,sell,Mango,USD Coin,0.0197,95
2022-10-11 23:03:01.254731,Mango,sell,Mango,USD Coin,0.0212,10
2022-10-11 23:03:01.254718,Mango,sell,Mango,USD Coin,0.0206,32
2022-10-11 23:03:01.254718,Mango,sell,Mango,USD Coin,0.0212,2
2022-10-11 23:03:01.254718,Mango,sell,Mango,USD Coin,0.0212,6
2022-10-11 23:03:01.254718,Mango,sell,Mango,USD Coin,0.0212,95
2022-10-11 23:03:01.254718,MAJ7epR484m7D515h9AwQNdfJ4TSGk4RmhrWH29iv47,sell,Mango,USD Coin,0.0212,102
2022-10-11 23:03:01.254718,Mango,sell,Mango,USD Coin,0.0212,4
2022-10-11 23:03:01.254718,EDMGEpKKGKS7nxpu1gjLmuHHWAmvLNy3BZWDxNC3nhAt,sell,Mango,USD Coin,0.021,485
2022-10-11 23:03:01.254718,Mango,sell,Mango,USD Coin,0.021,1
2022-10-11 23:03:01.254718,Mango,sell,Mango,USD Coin,0.021,2
2022-10-11 23:03:01.254718,Mango,sell,Mango,USD Coin,0.021,163
2022-10-11 23:03:01.254718,Mango,sell,Mango,USD Coin,0.021,23
2022-10-11 23:03:01.254718,Mango,sell,Mango,USD Coin,0.0177,7
2022-10-11 23:03:01.254718,EDMGEpKKGKS7nxpu1gjLmuHHWAmvLNy3BZWDxNC3nhAt,sell,Mango,USD Coin,0.0206,487
2022-10-11 23:03:01.254718,Mango,sell,Mango,USD Coin,0.0206,10
2022-10-11 23:03:01.254718,Mango,sell,Mango,USD Coin,0.0206,140
2022-10-11 23:03:01.254718,Mango,sell,Mango,USD Coin,0.0206,11
2022-10-11 23:03:01.254718,Mango,sell,Mango,USD Coin,0.0206,26
2022-10-11 23:03:01.254718,Mango,sell,Mango,USD Coin,0.0206,16
2022-10-11 23:03:01.254718,Mango,sell,Mango,USD Coin,0.0206,48
2022-10-11 23:03:01.254718,Mango,sell,Mango,USD Coin,0.0206,19
2022-10-11 23:02:26.809205,Mango,sell,Mango,USD Coin,0.0212,20
2022-10-11 23:02:26.809205,Mango,sell,Mango,USD Coin,0.0212,8
2022-10-11 23:02:26.809205,Mango,sell,Mango,USD Coin,0.0212,104
2022-10-11 23:02:26.809205,Mango,sell,Mango,USD Coin,0.0212,37
2022-10-11 23:02:26.809205,Mango,sell,Mango,USD Coin,0.0212,14
2022-10-11 23:02:26.809205,Mango,sell,Mango,USD Coin,0.0212,3
2022-10-11 23:02:26.809205,Mango,sell,Mango,USD Coin,0.0212,19
2022-10-11 23:02:26.809205,Mango,sell,Mango,USD Coin,0.0212,9
2022-10-11 23:02:26.809205,Mango,sell,Mango,USD Coin,0.0212,45
2022-10-11 23:02:26.809205,Mango,sell,Mango,USD Coin,0.0212,62
2022-10-11 23:02:26.809205,Mango,sell,Mango,USD Coin,0.0212,30
2022-10-11 23:02:26.809205,Mango,sell,Mango,USD Coin,0.0212,6
2022-10-11 23:02:05.066813,Mango,sell,Mango,USD Coin,0.0214,42
2022-10-11 23:02:05.066813,Mango,sell,Mango,USD Coin,0.0214,43
2022-10-11 23:02:05.066813,Mango,sell,Mango,USD Coin,0.0214,43
2022-10-11 23:02:05.066813,Mango,sell,Mango,USD Coin,0.0214,10
2022-10-11 23:01:59.045391,Mango,sell,Mango,USD Coin,0.0213,265
2022-10-11 23:01:59.045391,Mango,sell,Mango,USD Coin,0.022,9
2022-10-11 23:01:59.045391,Mango,sell,Mango,USD Coin,0.0213,114
2022-10-11 23:01:59.045391,Mango,sell,Mango,USD Coin,0.0213,331
2022-10-11 23:01:59.045391,Mango,sell,Mango,USD Coin,0.0213,12
2022-10-11 23:01:59.045391,Mango,sell,Mango,USD Coin,0.0213,137
2022-10-11 23:01:59.045391,Mango,sell,Mango,USD Coin,0.0201,747
2022-10-11 23:01:59.045391,Mango,sell,Mango,USD Coin,0.0198,195
2022-10-11 23:01:59.045391,Mango,sell,Mango,USD Coin,0.0177,453
2022-10-11 22:59:30.956993,Mango,sell,Mango,USD Coin,0.0198,8
2022-10-11 22:59:30.956993,Mango,sell,Mango,USD Coin,0.0198,5
2022-10-11 22:58:58.480078,Mango,sell,Mango,USD Coin,0.0198,3
2022-10-11 22:58:52.440255,Mango,sell,Mango,USD Coin,0.0198,26
2022-10-11 22:58:52.440255,Mango,sell,Mango,USD Coin,0.0198,35
2022-10-11 22:58:52.440255,Mango,sell,Mango,USD Coin,0.0198,5
2022-10-11 22:58:52.440255,Mango,sell,Mango,USD Coin,0.0198,204
2022-10-11 22:58:52.440255,Mango,sell,Mango,USD Coin,0.0198,5
2022-10-11 22:58:52.440255,Mango,sell,Mango,USD Coin,0.0198,35
2022-10-11 22:58:52.440255,Mango,sell,Mango,USD Coin,0.0198,10
2022-10-11 22:58:52.440255,Mango,sell,Mango,USD Coin,0.0198,1
2022-10-11 22:58:47.045185,Mango,sell,Mango,USD Coin,0.0187,18
2022-10-11 22:58:47.045185,Mango,sell,Mango,USD Coin,0.0187,127
2022-10-11 22:58:37.088537,EFtvVdhGYobBWux75PRsyaQRJYsMtdHF2SH9PuSUGYdy,sell,Mango,USD Coin,0.003,8
2022-10-11 22:58:37.088537,EFtvVdhGYobBWux75PRsyaQRJYsMtdHF2SH9PuSUGYdy,sell,Mango,USD Coin,0.026,512
2022-10-11 22:58:37.088537,EFtvVdhGYobBWux75PRsyaQRJYsMtdHF2SH9PuSUGYdy,sell,Mango,USD Coin,0.026,192
2022-10-11 22:58:37.088537,EFtvVdhGYobBWux75PRsyaQRJYsMtdHF2SH9PuSUGYdy,sell,Mango,USD Coin,0.022,4
2022-10-11 22:58:31.300556,AasQTQH9oroodW5vi3uEoDuLyJDVfMz7GWehvisdGmDX,sell,Mango,USD Coin,0.022,264
2022-10-11 22:58:25.447905,Fsb16JMXAWLML5PTLKVh5Lg1xviVB6ah5p7YYcJEw3g2,sell,Mango,USD Coin,0.022,466
2022-10-11 22:58:25.447905,8JfPbroaxRsVHnzrUE7V7KpjQUhQLsPs54qp479caqb8,sell,Mango,USD Coin,0.0221,3533
2022-10-11 22:58:25.447905,8JfPbroaxRsVHnzrUE7V7KpjQUhQLsPs54qp479caqb8,sell,Mango,USD Coin,0.022,5607
2022-10-11 22:58:25.447905,8JfPbroaxRsVHnzrUE7V7KpjQUhQLsPs54qp479caqb8,sell,Mango,USD Coin,0.022,3383
2022-10-11 22:58:25.447905,GjtTWjJ6hRemHVP48wMxQ9KrhpayYHLwJtsvWP5G8m2P,sell,Mango,USD Coin,0.022,1267
2022-10-11 22:58:25.447905,GjtTWjJ6hRemHVP48wMxQ9KrhpayYHLwJtsvWP5G8m2P,sell,Mango,USD Coin,0.022,730
2022-10-11 22:58:25.447905,EDMGEpKKGKS7nxpu1gjLmuHHWAmvLNy3BZWDxNC3nhAt,sell,Mango,USD Coin,0.022,465
2022-10-11 22:58:19.440292,GjtTWjJ6hRemHVP48wMxQ9KrhpayYHLwJtsvWP5G8m2P,sell,Mango,USD Coin,0.026,93
2022-10-11 22:58:19.440292,AasQTQH9oroodW5vi3uEoDuLyJDVfMz7GWehvisdGmDX,sell,Mango,USD Coin,0.026,753
2022-10-11 22:58:19.440292,GjtTWjJ6hRemHVP48wMxQ9KrhpayYHLwJtsvWP5G8m2P,sell,Mango,USD Coin,0.0221,854
2022-10-11 22:58:13.848434,MAJ7epR484m7D515h9AwQNdfJ4TSGk4RmhrWH29iv47,sell,Mango,USD Coin,0.0261,752
2022-10-11 22:58:13.848434,MAJ7epR484m7D515h9AwQNdfJ4TSGk4RmhrWH29iv47,sell,Mango,USD Coin,0.0221,3
2022-10-11 22:58:08.247545,Mango,sell,Mango,USD Coin,0.0221,1
2022-10-11 22:58:08.247545,Mango,sell,Mango,USD Coin,0.0261,28
2022-10-11 22:58:02.386685,EDMGEpKKGKS7nxpu1gjLmuHHWAmvLNy3BZWDxNC3nhAt,sell,Mango,USD Coin,0.0261,385
2022-10-11 22:58:02.386685,Mango,sell,Mango,USD Coin,0.0261,59
2022-10-11 22:58:02.386685,Mango,sell,Mango,USD Coin,0.0261,152
2022-10-11 22:58:02.386685,Mango,sell,Mango,USD Coin,0.0261,79
2022-10-11 22:58:02.386685,Mango,sell,Mango,USD Coin,0.0261,83
2022-10-11 22:57:56.568515,Mango,sell,Mango,USD Coin,0.0263,19
2022-10-11 22:57:56.568515,MAJ7epR484m7D515h9AwQNdfJ4TSGk4RmhrWH29iv47,sell,Mango,USD Coin,0.0263,202
2022-10-11 22:57:56.568515,Mango,sell,Mango,USD Coin,0.0263,5
2022-10-11 22:57:56.568515,Mango,sell,Mango,USD Coin,0.0263,17
2022-10-11 22:57:56.568515,Mango,sell,Mango,USD Coin,0.0263,10
2022-10-11 22:57:56.568515,Mango,sell,Mango,USD Coin,0.0263,113
2022-10-11 22:57:56.568515,Mango,sell,Mango,USD Coin,0.0263,147
2022-10-11 22:57:56.568515,Mango,sell,Mango,USD Coin,0.0263,29
2022-10-11 22:56:43.475128,Ab7uZRHpyC3LV82T1toYaDWqsAYZbFzFHz7Q9mNZ6EqN,buy,Mango,USD Coin,0.0318,582
2022-10-11 22:56:43.475128,Fsb16JMXAWLML5PTLKVh5Lg1xviVB6ah5p7YYcJEw3g2,buy,Mango,USD Coin,0.0255,1960
2022-10-11 22:56:43.475128,Ab7uZRHpyC3LV82T1toYaDWqsAYZbFzFHz7Q9mNZ6EqN,buy,Mango,USD Coin,0.0255,2822
2022-10-11 22:56:43.475128,Ab7uZRHpyC3LV82T1toYaDWqsAYZbFzFHz7Q9mNZ6EqN,buy,Mango,USD Coin,0.0377,104
2022-10-11 22:56:01.039062,Alameda,buy,Mango,USD Coin,0.0269,30
2022-10-11 22:56:01.039062,ecEnSL3pdtJuFjTkCxovdajw5BH7gGQC9Qsf1EVQFdj,buy,Mango,USD Coin,0.0269,740
2022-10-11 22:55:05.29087,GjtTWjJ6hRemHVP48wMxQ9KrhpayYHLwJtsvWP5G8m2P,buy,Mango,USD Coin,0.0209,7827
2022-10-11 22:55:05.29087,GjtTWjJ6hRemHVP48wMxQ9KrhpayYHLwJtsvWP5G8m2P,buy,Mango,USD Coin,0.041,8
2022-10-11 22:54:31.04984,Alameda,sell,Mango,USD Coin,0.0364,1
2022-10-11 22:54:12.76558,EDMGEpKKGKS7nxpu1gjLmuHHWAmvLNy3BZWDxNC3nhAt,sell,Mango,USD Coin,0.0364,359
2022-10-11 22:54:12.76558,Fsb16JMXAWLML5PTLKVh5Lg1xviVB6ah5p7YYcJEw3g2,sell,Mango,USD Coin,0.0364,346
2022-10-11 22:54:12.76558,Fsb16JMXAWLML5PTLKVh5Lg1xviVB6ah5p7YYcJEw3g2,sell,Mango,USD Coin,0.0364,346
2022-10-11 22:54:12.76558,AXbWErFD6be4GAGkESjzZkzapJPbJ5ivHBDusHQtDZ7H,sell,Mango,USD Coin,0.0364,991
2022-10-11 22:54:12.76558,Mango,sell,Mango,USD Coin,0.0364,16
2022-10-11 22:54:12.76558,Mango,sell,Mango,USD Coin,0.0364,44
2022-10-11 22:54:12.76558,Mango,sell,Mango,USD Coin,0.0364,3
2022-10-11 22:54:12.76558,EDMGEpKKGKS7nxpu1gjLmuHHWAmvLNy3BZWDxNC3nhAt,sell,Mango,USD Coin,0.0364,347
2022-10-11 22:54:12.76558,EDMGEpKKGKS7nxpu1gjLmuHHWAmvLNy3BZWDxNC3nhAt,sell,Mango,USD Coin,0.0364,3861
2022-10-11 22:54:12.76558,EDMGEpKKGKS7nxpu1gjLmuHHWAmvLNy3BZWDxNC3nhAt,sell,Mango,USD Coin,0.0364,1864
2022-10-11 22:54:12.76558,EDMGEpKKGKS7nxpu1gjLmuHHWAmvLNy3BZWDxNC3nhAt,sell,Mango,USD Coin,0.0364,1822
2022-10-11 22:54:06.705171,JA6hRexXi9UjWpBqopis25A6SLnkWqPJ61mPm3UqTcB5,buy,Mango,USD Coin,0.0242,383
2022-10-11 22:54:06.705171,Alameda,buy,Mango,USD Coin,0.0242,1
2022-10-11 22:54:01.656453,EDMGEpKKGKS7nxpu1gjLmuHHWAmvLNy3BZWDxNC3nhAt,buy,Mango,USD Coin,0.0242,2055
2022-10-11 22:54:01.656453,Fsb16JMXAWLML5PTLKVh5Lg1xviVB6ah5p7YYcJEw3g2,buy,Mango,USD Coin,0.0242,2065
2022-10-11 22:54:01.656453,Fsb16JMXAWLML5PTLKVh5Lg1xviVB6ah5p7YYcJEw3g2,buy,Mango,USD Coin,0.0242,20652
2022-10-11 22:54:01.656453,EDMGEpKKGKS7nxpu1gjLmuHHWAmvLNy3BZWDxNC3nhAt,buy,Mango,USD Coin,0.0242,4121
2022-10-11 22:54:01.656453,Fsb16JMXAWLML5PTLKVh5Lg1xviVB6ah5p7YYcJEw3g2,buy,Mango,USD Coin,0.0242,2065
2022-10-11 22:54:01.656453,EDMGEpKKGKS7nxpu1gjLmuHHWAmvLNy3BZWDxNC3nhAt,buy,Mango,USD Coin,0.0242,402
2022-10-11 22:54:01.656453,EDMGEpKKGKS7nxpu1gjLmuHHWAmvLNy3BZWDxNC3nhAt,buy,Mango,USD Coin,0.0242,2055
2022-10-11 22:54:01.656453,EDMGEpKKGKS7nxpu1gjLmuHHWAmvLNy3BZWDxNC3nhAt,buy,Mango,USD Coin,0.0242,2055
2022-10-11 22:54:01.656453,7Fb53kqkqNSKizyDNt3sZF1gjNEziBWdE6U2Z7XkTuqe,buy,Mango,USD Coin,0.0242,5411
2022-10-11 22:54:01.656453,7Fb53kqkqNSKizyDNt3sZF1gjNEziBWdE6U2Z7XkTuqe,buy,Mango,USD Coin,0.0242,5778
2022-10-11 22:54:01.656453,EFtvVdhGYobBWux75PRsyaQRJYsMtdHF2SH9PuSUGYdy,buy,Mango,USD Coin,0.0242,17622
2022-10-11 22:54:01.656453,EFtvVdhGYobBWux75PRsyaQRJYsMtdHF2SH9PuSUGYdy,buy,Mango,USD Coin,0.0242,8767
2022-10-11 22:54:01.656453,EDMGEpKKGKS7nxpu1gjLmuHHWAmvLNy3BZWDxNC3nhAt,buy,Mango,USD Coin,0.0242,402
2022-10-11 22:54:01.656453,EDMGEpKKGKS7nxpu1gjLmuHHWAmvLNy3BZWDxNC3nhAt,buy,Mango,USD Coin,0.0242,413
2022-10-11 22:54:01.656453,G9DcT8YTw4L9AAjUUpfPeVYGWiEf5MQskpC6q1zLdy2m,buy,Mango,USD Coin,0.0242,2313
2022-10-11 22:54:01.656453,GjtTWjJ6hRemHVP48wMxQ9KrhpayYHLwJtsvWP5G8m2P,buy,Mango,USD Coin,0.0242,3819
2022-10-11 22:54:01.656453,7Fb53kqkqNSKizyDNt3sZF1gjNEziBWdE6U2Z7XkTuqe,buy,Mango,USD Coin,0.0242,5661
2022-10-11 22:54:01.656453,7Fb53kqkqNSKizyDNt3sZF1gjNEziBWdE6U2Z7XkTuqe,buy,Mango,USD Coin,0.0242,5548
2022-10-11 22:54:01.656453,7Fb53kqkqNSKizyDNt3sZF1gjNEziBWdE6U2Z7XkTuqe,buy,Mango,USD Coin,0.0242,5431
2022-10-11 22:54:01.656453,EDMGEpKKGKS7nxpu1gjLmuHHWAmvLNy3BZWDxNC3nhAt,buy,Mango,USD Coin,0.0242,2055
2022-10-11 22:53:43.375979,Alameda,buy,Mango,USD Coin,0.0323,3
2022-10-11 22:53:22.955901,EDMGEpKKGKS7nxpu1gjLmuHHWAmvLNy3BZWDxNC3nhAt,buy,Mango,USD Coin,0.0242,2065
2022-10-11 22:53:22.955901,23jBjkeNVWCyKPp8C4mk4vNr2Xo1VX5x8zuzrZiEa6dH,buy,Mango,USD Coin,0.0242,588
2022-10-11 22:53:17.142854,EDMGEpKKGKS7nxpu1gjLmuHHWAmvLNy3BZWDxNC3nhAt,buy,Mango,USD Coin,0.0242,1032
2022-10-11 22:53:17.142854,EDMGEpKKGKS7nxpu1gjLmuHHWAmvLNy3BZWDxNC3nhAt,buy,Mango,USD Coin,0.0242,402
2022-10-11 22:53:17.142854,Fsb16JMXAWLML5PTLKVh5Lg1xviVB6ah5p7YYcJEw3g2,buy,Mango,USD Coin,0.0242,1032
2022-10-11 22:53:17.142854,Fsb16JMXAWLML5PTLKVh5Lg1xviVB6ah5p7YYcJEw3g2,buy,Mango,USD Coin,0.0242,20652
2022-10-11 22:53:17.142854,7Fb53kqkqNSKizyDNt3sZF1gjNEziBWdE6U2Z7XkTuqe,buy,Mango,USD Coin,0.0242,4349
2022-10-11 22:53:17.142854,7Fb53kqkqNSKizyDNt3sZF1gjNEziBWdE6U2Z7XkTuqe,buy,Mango,USD Coin,0.0242,5777
2022-10-11 22:53:17.142854,GjtTWjJ6hRemHVP48wMxQ9KrhpayYHLwJtsvWP5G8m2P,buy,Mango,USD Coin,0.0242,903
2022-10-11 22:53:17.142854,Fsb16JMXAWLML5PTLKVh5Lg1xviVB6ah5p7YYcJEw3g2,buy,Mango,USD Coin,0.0242,1032
2022-10-11 22:53:17.142854,GaLUQAjCwxGgTDG3ixy4MiFVBBx3txNupQWpcCn8Wsbw,buy,Mango,USD Coin,0.0242,2000
2022-10-11 22:53:17.142854,Fsb16JMXAWLML5PTLKVh5Lg1xviVB6ah5p7YYcJEw3g2,buy,Mango,USD Coin,0.0242,1032
2022-10-11 22:53:17.142854,G9DcT8YTw4L9AAjUUpfPeVYGWiEf5MQskpC6q1zLdy2m,buy,Mango,USD Coin,0.0242,950
2022-10-11 22:53:17.142854,23jBjkeNVWCyKPp8C4mk4vNr2Xo1VX5x8zuzrZiEa6dH,buy,Mango,USD Coin,0.0242,2000
2022-10-11 22:53:17.142854,EDMGEpKKGKS7nxpu1gjLmuHHWAmvLNy3BZWDxNC3nhAt,buy,Mango,USD Coin,0.0242,402
2022-10-11 22:53:11.531138,Mango,buy,Mango,USD Coin,0.0242,26621
2022-10-11 22:53:06.075511,GjtTWjJ6hRemHVP48wMxQ9KrhpayYHLwJtsvWP5G8m2P,buy,Mango,USD Coin,0.0242,2974
2022-10-11 22:53:06.075511,EFtvVdhGYobBWux75PRsyaQRJYsMtdHF2SH9PuSUGYdy,buy,Mango,USD Coin,0.0242,87671
2022-10-11 22:53:06.075511,GjtTWjJ6hRemHVP48wMxQ9KrhpayYHLwJtsvWP5G8m2P,buy,Mango,USD Coin,0.0242,4820
2022-10-11 22:53:06.075511,G9DcT8YTw4L9AAjUUpfPeVYGWiEf5MQskpC6q1zLdy2m,buy,Mango,USD Coin,0.0242,10285
2022-10-11 22:53:06.075511,23jBjkeNVWCyKPp8C4mk4vNr2Xo1VX5x8zuzrZiEa6dH,buy,Mango,USD Coin,0.0242,2000
2022-10-11 22:53:06.075511,Ab7uZRHpyC3LV82T1toYaDWqsAYZbFzFHz7Q9mNZ6EqN,buy,Mango,USD Coin,0.0242,3900
2022-10-11 22:53:06.075511,GjtTWjJ6hRemHVP48wMxQ9KrhpayYHLwJtsvWP5G8m2P,buy,Mango,USD Coin,0.0242,2974
2022-10-11 22:53:06.075511,EDMGEpKKGKS7nxpu1gjLmuHHWAmvLNy3BZWDxNC3nhAt,buy,Mango,USD Coin,0.0242,412
2022-10-11 22:53:06.075511,EDMGEpKKGKS7nxpu1gjLmuHHWAmvLNy3BZWDxNC3nhAt,buy,Mango,USD Coin,0.0242,103264
2022-10-11 22:53:06.075511,GaLUQAjCwxGgTDG3ixy4MiFVBBx3txNupQWpcCn8Wsbw,buy,Mango,USD Coin,0.0242,2000
2022-10-11 22:53:00.428061,EDMGEpKKGKS7nxpu1gjLmuHHWAmvLNy3BZWDxNC3nhAt,buy,Mango,USD Coin,0.0373,3
2022-10-11 22:53:00.428061,EDMGEpKKGKS7nxpu1gjLmuHHWAmvLNy3BZWDxNC3nhAt,buy,Mango,USD Coin,0.0386,3
2022-10-11 22:53:00.428061,EDMGEpKKGKS7nxpu1gjLmuHHWAmvLNy3BZWDxNC3nhAt,buy,Mango,USD Coin,0.041,80
2022-10-11 22:53:00.428061,EDMGEpKKGKS7nxpu1gjLmuHHWAmvLNy3BZWDxNC3nhAt,buy,Mango,USD Coin,0.0243,256
2022-10-11 22:49:43.603126,yUJw9a2PyoqKkH47i4yEGf4WXomSHMiK7Lp29Xs2NqM,sell,Mango,USD Coin,0.031,6451612
2022-10-11 22:49:43.603126,yUJw9a2PyoqKkH47i4yEGf4WXomSHMiK7Lp29Xs2NqM,sell,Mango,USD Coin,0.03,300
2022-10-11 22:49:43.603126,yUJw9a2PyoqKkH47i4yEGf4WXomSHMiK7Lp29Xs2NqM,sell,Mango,USD Coin,0.03,2000
2022-10-11 22:49:43.603126,yUJw9a2PyoqKkH47i4yEGf4WXomSHMiK7Lp29Xs2NqM,sell,Mango,USD Coin,0.0293,9883
2022-10-11 22:49:43.603126,yUJw9a2PyoqKkH47i4yEGf4WXomSHMiK7Lp29Xs2NqM,sell,Mango,USD Coin,0.0277,180
2022-10-11 22:49:43.603126,yUJw9a2PyoqKkH47i4yEGf4WXomSHMiK7Lp29Xs2NqM,sell,Mango,USD Coin,0.0264,5000
2022-10-11 22:49:43.603126,yUJw9a2PyoqKkH47i4yEGf4WXomSHMiK7Lp29Xs2NqM,sell,Mango,USD Coin,0.0261,3831
2022-10-11 22:49:43.603126,yUJw9a2PyoqKkH47i4yEGf4WXomSHMiK7Lp29Xs2NqM,sell,Mango,USD Coin,0.025,45
2022-10-11 22:49:43.603126,yUJw9a2PyoqKkH47i4yEGf4WXomSHMiK7Lp29Xs2NqM,sell,Mango,USD Coin,0.0225,440
2022-10-11 22:49:43.603126,yUJw9a2PyoqKkH47i4yEGf4WXomSHMiK7Lp29Xs2NqM,sell,Mango,USD Coin,0.02,500
2022-10-11 22:49:43.603126,yUJw9a2PyoqKkH47i4yEGf4WXomSHMiK7Lp29Xs2NqM,sell,Mango,USD Coin,0.02,487
2022-10-11 22:49:43.603126,yUJw9a2PyoqKkH47i4yEGf4WXomSHMiK7Lp29Xs2NqM,sell,Mango,USD Coin,0.01,250
2022-10-11 22:49:43.603126,yUJw9a2PyoqKkH47i4yEGf4WXomSHMiK7Lp29Xs2NqM,sell,Mango,USD Coin,0.005,2000
2022-10-11 22:49:43.603126,yUJw9a2PyoqKkH47i4yEGf4WXomSHMiK7Lp29Xs2NqM,sell,Mango,USD Coin,0.0005,87631
2022-10-11 22:49:43.603126,yUJw9a2PyoqKkH47i4yEGf4WXomSHMiK7Lp29Xs2NqM,sell,Mango,USD Coin,0.0015,51
2022-10-11 22:49:43.603126,yUJw9a2PyoqKkH47i4yEGf4WXomSHMiK7Lp29Xs2NqM,sell,Mango,USD Coin,0.0345,927604
2022-10-11 22:49:43.603126,yUJw9a2PyoqKkH47i4yEGf4WXomSHMiK7Lp29Xs2NqM,sell,Mango,USD Coin,0.0316,200
2022-10-11 22:49:43.603126,yUJw9a2PyoqKkH47i4yEGf4WXomSHMiK7Lp29Xs2NqM,sell,Mango,USD Coin,0.0315,7986
2022-10-11 22:49:10.975862,yUJw9a2PyoqKkH47i4yEGf4WXomSHMiK7Lp29Xs2NqM,sell,Mango,USD Coin,0.038,5048889
2022-10-11 22:49:10.975862,yUJw9a2PyoqKkH47i4yEGf4WXomSHMiK7Lp29Xs2NqM,sell,Mango,USD Coin,0.0402,532
2022-10-11 22:49:10.975862,yUJw9a2PyoqKkH47i4yEGf4WXomSHMiK7Lp29Xs2NqM,sell,Mango,USD Coin,0.038,2600
2022-10-11 22:49:10.975862,yUJw9a2PyoqKkH47i4yEGf4WXomSHMiK7Lp29Xs2NqM,sell,Mango,USD Coin,0.036,75695
2022-10-11 22:49:10.975862,yUJw9a2PyoqKkH47i4yEGf4WXomSHMiK7Lp29Xs2NqM,sell,Mango,USD Coin,0.0374,534
2022-10-11 22:49:10.975862,yUJw9a2PyoqKkH47i4yEGf4WXomSHMiK7Lp29Xs2NqM,sell,Mango,USD Coin,0.0345,4869497
2022-10-11 22:49:10.975862,yUJw9a2PyoqKkH47i4yEGf4WXomSHMiK7Lp29Xs2NqM,sell,Mango,USD Coin,0.0379,2253
2022-10-11 22:48:52.697614,EDMGEpKKGKS7nxpu1gjLmuHHWAmvLNy3BZWDxNC3nhAt,sell,Mango,USD Coin,0.05,90
2022-10-11 22:48:52.697614,EDMGEpKKGKS7nxpu1gjLmuHHWAmvLNy3BZWDxNC3nhAt,sell,Mango,USD Coin,0.0402,153
2022-10-11 22:48:40.04201,EDMGEpKKGKS7nxpu1gjLmuHHWAmvLNy3BZWDxNC3nhAt,sell,Mango,USD Coin,0.0571,1267
2022-10-11 22:48:40.04201,EDMGEpKKGKS7nxpu1gjLmuHHWAmvLNy3BZWDxNC3nhAt,sell,Mango,USD Coin,0.0571,252
2022-10-11 22:48:40.04201,Fsb16JMXAWLML5PTLKVh5Lg1xviVB6ah5p7YYcJEw3g2,sell,Mango,USD Coin,0.0571,8582
2022-10-11 22:48:40.04201,Fsb16JMXAWLML5PTLKVh5Lg1xviVB6ah5p7YYcJEw3g2,sell,Mango,USD Coin,0.0384,2153
2022-10-11 22:48:40.04201,Fsb16JMXAWLML5PTLKVh5Lg1xviVB6ah5p7YYcJEw3g2,sell,Mango,USD Coin,0.0382,1763
2022-10-11 22:48:34.017454,EDMGEpKKGKS7nxpu1gjLmuHHWAmvLNy3BZWDxNC3nhAt,buy,Mango,USD Coin,0.0388,251
2022-10-11 22:48:28.006416,EDMGEpKKGKS7nxpu1gjLmuHHWAmvLNy3BZWDxNC3nhAt,sell,Mango,USD Coin,0.0446,5
2022-10-11 22:48:28.006416,EDMGEpKKGKS7nxpu1gjLmuHHWAmvLNy3BZWDxNC3nhAt,sell,Mango,USD Coin,0.0445,1
2022-10-11 22:48:28.006416,EDMGEpKKGKS7nxpu1gjLmuHHWAmvLNy3BZWDxNC3nhAt,sell,Mango,USD Coin,0.0428,14
2022-10-11 22:48:28.006416,EDMGEpKKGKS7nxpu1gjLmuHHWAmvLNy3BZWDxNC3nhAt,sell,Mango,USD Coin,0.0405,769
2022-10-11 22:48:28.006416,EDMGEpKKGKS7nxpu1gjLmuHHWAmvLNy3BZWDxNC3nhAt,sell,Mango,USD Coin,0.0396,5
2022-10-11 22:48:28.006416,EDMGEpKKGKS7nxpu1gjLmuHHWAmvLNy3BZWDxNC3nhAt,sell,Mango,USD Coin,0.039,826
2022-10-11 22:48:28.006416,EDMGEpKKGKS7nxpu1gjLmuHHWAmvLNy3BZWDxNC3nhAt,sell,Mango,USD Coin,0.039,323
2022-10-11 22:48:28.006416,EDMGEpKKGKS7nxpu1gjLmuHHWAmvLNy3BZWDxNC3nhAt,sell,Mango,USD Coin,0.039,814
2022-10-11 22:48:28.006416,EDMGEpKKGKS7nxpu1gjLmuHHWAmvLNy3BZWDxNC3nhAt,sell,Mango,USD Coin,0.0386,800
2022-10-11 22:48:28.006416,EDMGEpKKGKS7nxpu1gjLmuHHWAmvLNy3BZWDxNC3nhAt,sell,Mango,USD Coin,0.0386,1190
2022-10-11 22:48:28.006416,EDMGEpKKGKS7nxpu1gjLmuHHWAmvLNy3BZWDxNC3nhAt,sell,Mango,USD Coin,0.0386,418
2022-10-11 22:48:28.006416,Fsb16JMXAWLML5PTLKVh5Lg1xviVB6ah5p7YYcJEw3g2,sell,Mango,USD Coin,0.0386,321
2022-10-11 22:48:28.006416,Fsb16JMXAWLML5PTLKVh5Lg1xviVB6ah5p7YYcJEw3g2,sell,Mango,USD Coin,0.0386,320
2022-10-11 22:48:28.006416,EDMGEpKKGKS7nxpu1gjLmuHHWAmvLNy3BZWDxNC3nhAt,sell,Mango,USD Coin,0.0386,692
2022-10-11 22:48:28.006416,EDMGEpKKGKS7nxpu1gjLmuHHWAmvLNy3BZWDxNC3nhAt,sell,Mango,USD Coin,0.038,2505
2022-10-11 22:48:28.006416,EDMGEpKKGKS7nxpu1gjLmuHHWAmvLNy3BZWDxNC3nhAt,sell,Mango,USD Coin,0.038,2774
2022-10-11 22:48:28.006416,MAJ7epR484m7D515h9AwQNdfJ4TSGk4RmhrWH29iv47,sell,Mango,USD Coin,0.038,83256
2022-10-11 22:48:28.006416,Raydium,sell,Mango,USD Coin,0.038,2683
2022-10-11 22:48:28.006416,Fsb16JMXAWLML5PTLKVh5Lg1xviVB6ah5p7YYcJEw3g2,sell,Mango,USD Coin,0.038,264
2022-10-11 22:48:22.565305,Alameda,sell,Mango,USD Coin,0.0715,3406
2022-10-11 22:48:22.565305,Alameda,sell,Mango,USD Coin,0.0731,1569
2022-10-11 22:48:22.565305,Alameda,sell,Mango,USD Coin,0.0727,1830
2022-10-11 22:48:22.565305,Alameda,sell,Mango,USD Coin,0.0724,796
2022-10-11 22:48:22.565305,Alameda,sell,Mango,USD Coin,0.0721,1749
2022-10-11 22:48:22.565305,Alameda,sell,Mango,USD Coin,0.0705,4698
2022-10-11 22:48:05.482064,Alameda,sell,Mango,USD Coin,0.0735,1847
2022-10-11 22:48:05.482064,7Fb53kqkqNSKizyDNt3sZF1gjNEziBWdE6U2Z7XkTuqe,buy,Mango,USD Coin,0.0516,2330
2022-10-11 22:48:05.482064,EfaedeX5aRiZbR3qusCezvtuwsNB2JmgBD7JQXjEzH6p,buy,Mango,USD Coin,0.0516,2324
2022-10-11 22:48:05.482064,GjtTWjJ6hRemHVP48wMxQ9KrhpayYHLwJtsvWP5G8m2P,buy,Mango,USD Coin,0.0516,1044
2022-10-11 22:48:05.482064,Raydium,buy,Mango,USD Coin,0.0594,5
2022-10-11 22:48:05.482064,Alameda,sell,Mango,USD Coin,0.0739,1487
2022-10-11 22:48:05.482064,Alameda,sell,Mango,USD Coin,0.0732,740
2022-10-11 22:48:05.482064,Alameda,sell,Mango,USD Coin,0.05,47
2022-10-11 22:47:53.59716,Ab7uZRHpyC3LV82T1toYaDWqsAYZbFzFHz7Q9mNZ6EqN,buy,Mango,USD Coin,0.0447,1010
2022-10-11 22:47:53.59716,Ab7uZRHpyC3LV82T1toYaDWqsAYZbFzFHz7Q9mNZ6EqN,buy,Mango,USD Coin,0.39,125
2022-10-11 22:47:47.213035,DtTozXkJ6tPpsc8GTf7jdeatdTcZZ9tzpoaFivekyRD7,buy,Mango,USD Coin,0.0461,224
2022-10-11 22:47:47.213035,Raydium,buy,Mango,USD Coin,0.0461,1387
2022-10-11 22:47:47.213035,Raydium,buy,Mango,USD Coin,0.0461,95
2022-10-11 22:47:41.7684,Ab7uZRHpyC3LV82T1toYaDWqsAYZbFzFHz7Q9mNZ6EqN,buy,Mango,USD Coin,0.39,142
2022-10-11 22:47:41.7684,Ab7uZRHpyC3LV82T1toYaDWqsAYZbFzFHz7Q9mNZ6EqN,buy,Mango,USD Coin,0.35,47
2022-10-11 22:47:41.7684,7Fb53kqkqNSKizyDNt3sZF1gjNEziBWdE6U2Z7XkTuqe,buy,Mango,USD Coin,0.0569,1761
2022-10-11 22:47:41.7684,Ab7uZRHpyC3LV82T1toYaDWqsAYZbFzFHz7Q9mNZ6EqN,buy,Mango,USD Coin,0.0569,1656
2022-10-11 22:47:41.7684,Ab7uZRHpyC3LV82T1toYaDWqsAYZbFzFHz7Q9mNZ6EqN,buy,Mango,USD Coin,0.0569,2332
2022-10-11 22:47:41.7684,Ab7uZRHpyC3LV82T1toYaDWqsAYZbFzFHz7Q9mNZ6EqN,buy,Mango,USD Coin,0.0569,2869
2022-10-11 22:47:36.368043,7Fb53kqkqNSKizyDNt3sZF1gjNEziBWdE6U2Z7XkTuqe,buy,Mango,USD Coin,0.0966,911
2022-10-11 22:47:36.368043,7Fb53kqkqNSKizyDNt3sZF1gjNEziBWdE6U2Z7XkTuqe,buy,Mango,USD Coin,0.0471,1513
2022-10-11 22:47:36.368043,7Fb53kqkqNSKizyDNt3sZF1gjNEziBWdE6U2Z7XkTuqe,buy,Mango,USD Coin,0.0966,571
2022-10-11 22:47:36.368043,7Fb53kqkqNSKizyDNt3sZF1gjNEziBWdE6U2Z7XkTuqe,buy,Mango,USD Coin,0.0527,2580
2022-10-11 22:47:36.368043,7Fb53kqkqNSKizyDNt3sZF1gjNEziBWdE6U2Z7XkTuqe,buy,Mango,USD Coin,0.0527,2607
2022-10-11 22:47:36.368043,7Fb53kqkqNSKizyDNt3sZF1gjNEziBWdE6U2Z7XkTuqe,buy,Mango,USD Coin,0.0527,316
2022-10-11 22:47:36.368043,7Fb53kqkqNSKizyDNt3sZF1gjNEziBWdE6U2Z7XkTuqe,buy,Mango,USD Coin,0.097,327
2022-10-11 22:47:22.315101,Alameda,sell,Mango,USD Coin,0.1069,8495
2022-10-11 22:47:22.315101,Alameda,sell,Mango,USD Coin,0.1133,1296
2022-10-11 22:47:22.315101,Alameda,sell,Mango,USD Coin,0.1128,929
2022-10-11 22:47:22.315101,Alameda,sell,Mango,USD Coin,0.1123,1277
2022-10-11 22:47:22.315101,Alameda,sell,Mango,USD Coin,0.1118,974
2022-10-11 22:47:22.315101,Alameda,sell,Mango,USD Coin,0.1108,3415
2022-10-11 22:47:22.315101,Alameda,sell,Mango,USD Coin,0.1094,3036
2022-10-11 22:47:22.315101,G9DcT8YTw4L9AAjUUpfPeVYGWiEf5MQskpC6q1zLdy2m,buy,Mango,USD Coin,0.0456,1484
2022-10-11 22:47:16.892274,AasQTQH9oroodW5vi3uEoDuLyJDVfMz7GWehvisdGmDX,buy,Mango,USD Coin,0.1154,2
2022-10-11 22:47:16.892274,EDMGEpKKGKS7nxpu1gjLmuHHWAmvLNy3BZWDxNC3nhAt,sell,Mango,USD Coin,0.1145,441
2022-10-11 22:47:16.892274,EfaedeX5aRiZbR3qusCezvtuwsNB2JmgBD7JQXjEzH6p,buy,Mango,USD Coin,0.1154,199
2022-10-11 22:47:16.892274,EfaedeX5aRiZbR3qusCezvtuwsNB2JmgBD7JQXjEzH6p,buy,Mango,USD Coin,0.0474,2083
2022-10-11 22:47:10.875148,EDMGEpKKGKS7nxpu1gjLmuHHWAmvLNy3BZWDxNC3nhAt,buy,Mango,USD Coin,0.054,1073
2022-10-11 22:47:10.875148,G9DcT8YTw4L9AAjUUpfPeVYGWiEf5MQskpC6q1zLdy2m,buy,Mango,USD Coin,0.0628,8292
2022-10-11 22:47:10.875148,Raydium,buy,Mango,USD Coin,0.0628,4
2022-10-11 22:47:10.875148,Alameda,sell,Mango,USD Coin,0.1226,1176
2022-10-11 22:47:10.875148,Alameda,sell,Mango,USD Coin,0.122,1172
2022-10-11 22:47:10.875148,Alameda,sell,Mango,USD Coin,0.1215,692
2022-10-11 22:47:10.875148,Alameda,sell,Mango,USD Coin,0.1215,131
2022-10-11 22:47:10.875148,Alameda,sell,Mango,USD Coin,0.0461,14
2022-10-11 22:47:10.875148,8JfPbroaxRsVHnzrUE7V7KpjQUhQLsPs54qp479caqb8,buy,Mango,USD Coin,0.0584,4523
2022-10-11 22:47:10.875148,AXbWErFD6be4GAGkESjzZkzapJPbJ5ivHBDusHQtDZ7H,buy,Mango,USD Coin,0.0584,481
2022-10-11 22:47:10.875148,7Fb53kqkqNSKizyDNt3sZF1gjNEziBWdE6U2Z7XkTuqe,buy,Mango,USD Coin,0.054,2576
2022-10-11 22:47:10.875148,Ai5ZrhuwvDiLubv7gNpVS1v9qrKo5kxfARZGtKagkvH9,buy,Mango,USD Coin,0.054,2559
2022-10-11 22:47:10.875148,EFtvVdhGYobBWux75PRsyaQRJYsMtdHF2SH9PuSUGYdy,buy,Mango,USD Coin,0.054,783
2022-10-11 22:47:10.875148,EDMGEpKKGKS7nxpu1gjLmuHHWAmvLNy3BZWDxNC3nhAt,buy,Mango,USD Coin,0.0584,2329
2022-10-11 22:47:10.875148,EDMGEpKKGKS7nxpu1gjLmuHHWAmvLNy3BZWDxNC3nhAt,buy,Mango,USD Coin,0.39,784
2022-10-11 22:47:10.875148,Ab7uZRHpyC3LV82T1toYaDWqsAYZbFzFHz7Q9mNZ6EqN,buy,Mango,USD Coin,0.0483,487
2022-10-11 22:47:10.875148,GjtTWjJ6hRemHVP48wMxQ9KrhpayYHLwJtsvWP5G8m2P,buy,Mango,USD Coin,0.0483,1084
2022-10-11 22:47:10.875148,GjtTWjJ6hRemHVP48wMxQ9KrhpayYHLwJtsvWP5G8m2P,buy,Mango,USD Coin,0.39,60
2022-10-11 22:47:05.239668,EDMGEpKKGKS7nxpu1gjLmuHHWAmvLNy3BZWDxNC3nhAt,buy,Mango,USD Coin,0.0479,1812
2022-10-11 22:47:05.239668,EDMGEpKKGKS7nxpu1gjLmuHHWAmvLNy3BZWDxNC3nhAt,buy,Mango,USD Coin,0.39,33
2022-10-11 22:46:59.5867,Alameda,sell,Mango,USD Coin,0.1372,817
2022-10-11 22:46:59.5867,Alameda,sell,Mango,USD Coin,0.1366,1154
2022-10-11 22:46:59.5867,Alameda,sell,Mango,USD Coin,0.136,860
2022-10-11 22:46:59.5867,Alameda,sell,Mango,USD Coin,0.1348,3065
2022-10-11 22:46:59.5867,Alameda,sell,Mango,USD Coin,0.1301,6913
2022-10-11 22:46:59.5867,Alameda,sell,Mango,USD Coin,0.133,3098
2022-10-11 22:46:59.5867,Alameda,sell,Mango,USD Coin,0.1378,1173
2022-10-11 22:46:48.877704,Alameda,sell,Mango,USD Coin,0.1769,2729
2022-10-11 22:46:48.877704,Alameda,sell,Mango,USD Coin,0.1833,960
2022-10-11 22:46:48.877704,Alameda,sell,Mango,USD Coin,0.1825,765
2022-10-11 22:46:48.877704,Alameda,sell,Mango,USD Coin,0.1817,951
2022-10-11 22:46:48.877704,Alameda,sell,Mango,USD Coin,0.1809,795
2022-10-11 22:46:48.877704,Alameda,sell,Mango,USD Coin,0.1793,2621
2022-10-11 22:46:48.877704,Alameda,sell,Mango,USD Coin,0.173,6050
2022-10-11 22:46:38.036241,EfaedeX5aRiZbR3qusCezvtuwsNB2JmgBD7JQXjEzH6p,buy,Mango,USD Coin,0.0598,1843
2022-10-11 22:46:38.036241,Fsb16JMXAWLML5PTLKVh5Lg1xviVB6ah5p7YYcJEw3g2,buy,Mango,USD Coin,0.0469,1218
2022-10-11 22:46:38.036241,Fsb16JMXAWLML5PTLKVh5Lg1xviVB6ah5p7YYcJEw3g2,buy,Mango,USD Coin,0.0492,1638
2022-10-11 22:46:38.036241,Fsb16JMXAWLML5PTLKVh5Lg1xviVB6ah5p7YYcJEw3g2,buy,Mango,USD Coin,0.25,448
2022-10-11 22:46:38.036241,EDMGEpKKGKS7nxpu1gjLmuHHWAmvLNy3BZWDxNC3nhAt,buy,Mango,USD Coin,0.0598,1670
2022-10-11 22:46:38.036241,AXbWErFD6be4GAGkESjzZkzapJPbJ5ivHBDusHQtDZ7H,buy,Mango,USD Coin,0.0598,940
2022-10-11 22:46:38.036241,Ab7uZRHpyC3LV82T1toYaDWqsAYZbFzFHz7Q9mNZ6EqN,buy,Mango,USD Coin,0.0598,930
2022-10-11 22:46:38.036241,GjtTWjJ6hRemHVP48wMxQ9KrhpayYHLwJtsvWP5G8m2P,buy,Mango,USD Coin,0.0598,1019
2022-10-11 22:46:38.036241,AXbWErFD6be4GAGkESjzZkzapJPbJ5ivHBDusHQtDZ7H,buy,Mango,USD Coin,0.0598,940
2022-10-11 22:46:38.036241,AXbWErFD6be4GAGkESjzZkzapJPbJ5ivHBDusHQtDZ7H,buy,Mango,USD Coin,0.0598,221
2022-10-11 22:46:38.036241,AXbWErFD6be4GAGkESjzZkzapJPbJ5ivHBDusHQtDZ7H,buy,Mango,USD Coin,0.25,172
2022-10-11 22:46:38.036241,Fsb16JMXAWLML5PTLKVh5Lg1xviVB6ah5p7YYcJEw3g2,buy,Mango,USD Coin,0.0478,522
2022-10-11 22:46:38.036241,Fsb16JMXAWLML5PTLKVh5Lg1xviVB6ah5p7YYcJEw3g2,buy,Mango,USD Coin,0.0478,1255
2022-10-11 22:46:38.036241,Fsb16JMXAWLML5PTLKVh5Lg1xviVB6ah5p7YYcJEw3g2,buy,Mango,USD Coin,0.25,159
2022-10-11 22:46:32.039052,EDMGEpKKGKS7nxpu1gjLmuHHWAmvLNy3BZWDxNC3nhAt,buy,Mango,USD Coin,0.0476,1141
2022-10-11 22:46:32.039052,EDMGEpKKGKS7nxpu1gjLmuHHWAmvLNy3BZWDxNC3nhAt,buy,Mango,USD Coin,0.25,182
2022-10-11 22:46:26.265972,AXbWErFD6be4GAGkESjzZkzapJPbJ5ivHBDusHQtDZ7H,buy,Mango,USD Coin,0.25,208
2022-10-11 22:46:26.265972,EDMGEpKKGKS7nxpu1gjLmuHHWAmvLNy3BZWDxNC3nhAt,sell,Mango,USD Coin,0.197,266
2022-10-11 22:46:26.265972,AXbWErFD6be4GAGkESjzZkzapJPbJ5ivHBDusHQtDZ7H,buy,Mango,USD Coin,0.0478,1264
2022-10-11 22:46:20.694956,AasQTQH9oroodW5vi3uEoDuLyJDVfMz7GWehvisdGmDX,buy,Mango,USD Coin,0.5,679
2022-10-11 22:46:20.694956,AasQTQH9oroodW5vi3uEoDuLyJDVfMz7GWehvisdGmDX,buy,Mango,USD Coin,0.0557,6441
2022-10-11 22:46:20.694956,Alameda,sell,Mango,USD Coin,0.0594,5
2022-10-11 22:46:15.674307,pKqTFDfRZi9EiryEMNT1wqbYZeStvy8KPJvZePx39Jb,sell,Mango,USD Coin,0.2224,863
2022-10-11 22:46:15.674307,Alameda,sell,Mango,USD Coin,0.05,18
2022-10-11 22:46:15.674307,Alameda,sell,Mango,USD Coin,0.0478,1
2022-10-11 22:46:15.674307,pKqTFDfRZi9EiryEMNT1wqbYZeStvy8KPJvZePx39Jb,sell,Mango,USD Coin,0.2214,17
2022-10-11 22:46:10.234355,Ab7uZRHpyC3LV82T1toYaDWqsAYZbFzFHz7Q9mNZ6EqN,buy,Mango,USD Coin,0.2426,149
2022-10-11 22:46:10.234355,Fsb16JMXAWLML5PTLKVh5Lg1xviVB6ah5p7YYcJEw3g2,buy,Mango,USD Coin,0.0492,670
2022-10-11 22:46:10.234355,Fsb16JMXAWLML5PTLKVh5Lg1xviVB6ah5p7YYcJEw3g2,buy,Mango,USD Coin,0.0492,1001
2022-10-11 22:46:10.234355,Ai5ZrhuwvDiLubv7gNpVS1v9qrKo5kxfARZGtKagkvH9,buy,Mango,USD Coin,0.065,7691
2022-10-11 22:46:10.234355,Fsb16JMXAWLML5PTLKVh5Lg1xviVB6ah5p7YYcJEw3g2,buy,Mango,USD Coin,0.5,1
2022-10-11 22:46:10.234355,EfaedeX5aRiZbR3qusCezvtuwsNB2JmgBD7JQXjEzH6p,buy,Mango,USD Coin,0.0479,776
2022-10-11 22:46:10.234355,EfaedeX5aRiZbR3qusCezvtuwsNB2JmgBD7JQXjEzH6p,buy,Mango,USD Coin,0.05,1933
2022-10-11 22:46:10.234355,Raydium,buy,Mango,USD Coin,0.05,436
2022-10-11 22:46:10.234355,Raydium,buy,Mango,USD Coin,0.065,387
2022-10-11 22:46:10.234355,Raydium,buy,Mango,USD Coin,0.065,751
2022-10-11 22:46:10.234355,Raydium,buy,Mango,USD Coin,0.065,687
2022-10-11 22:46:10.234355,Ab7uZRHpyC3LV82T1toYaDWqsAYZbFzFHz7Q9mNZ6EqN,buy,Mango,USD Coin,0.065,892
2022-10-11 22:46:04.430391,AXbWErFD6be4GAGkESjzZkzapJPbJ5ivHBDusHQtDZ7H,buy,Mango,USD Coin,0.0491,1134
2022-10-11 22:46:04.430391,G9DcT8YTw4L9AAjUUpfPeVYGWiEf5MQskpC6q1zLdy2m,buy,Mango,USD Coin,0.0508,1840
2022-10-11 22:46:04.430391,G9DcT8YTw4L9AAjUUpfPeVYGWiEf5MQskpC6q1zLdy2m,buy,Mango,USD Coin,0.41,854
2022-10-11 22:46:04.430391,G9DcT8YTw4L9AAjUUpfPeVYGWiEf5MQskpC6q1zLdy2m,buy,Mango,USD Coin,0.0488,1766
2022-10-11 22:46:04.430391,G9DcT8YTw4L9AAjUUpfPeVYGWiEf5MQskpC6q1zLdy2m,buy,Mango,USD Coin,0.41,1
2022-10-11 22:46:04.430391,AXbWErFD6be4GAGkESjzZkzapJPbJ5ivHBDusHQtDZ7H,buy,Mango,USD Coin,0.0481,1201
2022-10-11 22:46:04.430391,AXbWErFD6be4GAGkESjzZkzapJPbJ5ivHBDusHQtDZ7H,buy,Mango,USD Coin,0.41,130
2022-10-11 22:46:04.430391,Fsb16JMXAWLML5PTLKVh5Lg1xviVB6ah5p7YYcJEw3g2,buy,Mango,USD Coin,0.0491,580
2022-10-11 22:46:04.430391,Fsb16JMXAWLML5PTLKVh5Lg1xviVB6ah5p7YYcJEw3g2,buy,Mango,USD Coin,0.41,35
2022-10-11 22:46:04.430391,Fsb16JMXAWLML5PTLKVh5Lg1xviVB6ah5p7YYcJEw3g2,buy,Mango,USD Coin,0.5,414
2022-10-11 22:45:58.973858,CMxukMpUgsD9GSedAqrRG2EJ5rnbwb4HLPHpMCk27HqC,buy,Mango,USD Coin,0.0612,3151
2022-10-11 22:45:58.973858,ecEnSL3pdtJuFjTkCxovdajw5BH7gGQC9Qsf1EVQFdj,buy,Mango,USD Coin,0.0612,4112
2022-10-11 22:45:58.973858,ecEnSL3pdtJuFjTkCxovdajw5BH7gGQC9Qsf1EVQFdj,buy,Mango,USD Coin,0.41,695
2022-10-11 22:45:58.973858,GjtTWjJ6hRemHVP48wMxQ9KrhpayYHLwJtsvWP5G8m2P,buy,Mango,USD Coin,0.0483,1034
2022-10-11 22:45:58.973858,GjtTWjJ6hRemHVP48wMxQ9KrhpayYHLwJtsvWP5G8m2P,buy,Mango,USD Coin,0.0612,896
2022-10-11 22:45:52.91762,Alameda,sell,Mango,USD Coin,0.0494,4
2022-10-11 22:45:52.91762,Mango,sell,Mango,USD Coin,0.2952,744
2022-10-11 22:45:52.91762,Mango,sell,Mango,USD Coin,0.2965,442
2022-10-11 22:45:52.91762,Ai5ZrhuwvDiLubv7gNpVS1v9qrKo5kxfARZGtKagkvH9,buy,Mango,USD Coin,0.2867,768
2022-10-11 22:45:52.91762,Ai5ZrhuwvDiLubv7gNpVS1v9qrKo5kxfARZGtKagkvH9,buy,Mango,USD Coin,0.2879,544
2022-10-11 22:45:52.91762,Ai5ZrhuwvDiLubv7gNpVS1v9qrKo5kxfARZGtKagkvH9,buy,Mango,USD Coin,0.2892,839
2022-10-11 22:45:52.91762,Raydium,buy,Mango,USD Coin,0.0565,659
2022-10-11 22:45:52.91762,Raydium,buy,Mango,USD Coin,0.0565,679
2022-10-11 22:45:52.91762,Raydium,buy,Mango,USD Coin,0.0565,766
2022-10-11 22:45:52.91762,EDMGEpKKGKS7nxpu1gjLmuHHWAmvLNy3BZWDxNC3nhAt,buy,Mango,USD Coin,0.41,31
2022-10-11 22:45:52.91762,Mango,sell,Mango,USD Coin,0.2977,814
2022-10-11 22:45:52.91762,EDMGEpKKGKS7nxpu1gjLmuHHWAmvLNy3BZWDxNC3nhAt,buy,Mango,USD Coin,0.0503,1731
2022-10-11 22:45:52.91762,Ai5ZrhuwvDiLubv7gNpVS1v9qrKo5kxfARZGtKagkvH9,buy,Mango,USD Coin,0.41,54
2022-10-11 22:45:52.91762,Ai5ZrhuwvDiLubv7gNpVS1v9qrKo5kxfARZGtKagkvH9,buy,Mango,USD Coin,0.0565,3984
2022-10-11 22:45:47.078387,Alameda,sell,Mango,USD Coin,0.0509,4
2022-10-11 22:45:47.078387,AasQTQH9oroodW5vi3uEoDuLyJDVfMz7GWehvisdGmDX,buy,Mango,USD Coin,0.3224,596
2022-10-11 22:45:47.078387,AasQTQH9oroodW5vi3uEoDuLyJDVfMz7GWehvisdGmDX,buy,Mango,USD Coin,0.0659,3948
2022-10-11 22:45:47.078387,Fsb16JMXAWLML5PTLKVh5Lg1xviVB6ah5p7YYcJEw3g2,buy,Mango,USD Coin,0.0659,1516
2022-10-11 22:45:47.078387,Fsb16JMXAWLML5PTLKVh5Lg1xviVB6ah5p7YYcJEw3g2,buy,Mango,USD Coin,0.0659,379
2022-10-11 22:45:47.078387,Raydium,buy,Mango,USD Coin,0.0659,661
2022-10-11 22:45:47.078387,Raydium,buy,Mango,USD Coin,0.0659,545
2022-10-11 22:45:47.078387,Raydium,buy,Mango,USD Coin,0.0659,763
2022-10-11 22:45:41.282661,Alameda,sell,Mango,USD Coin,0.3302,4530
2022-10-11 22:45:41.282661,Alameda,sell,Mango,USD Coin,0.3483,502
2022-10-11 22:45:41.282661,Alameda,sell,Mango,USD Coin,0.3498,721
2022-10-11 22:45:41.282661,Alameda,sell,Mango,USD Coin,0.0527,1
2022-10-11 22:45:41.282661,Alameda,sell,Mango,USD Coin,0.3468,705
2022-10-11 22:45:41.282661,Alameda,sell,Mango,USD Coin,0.3378,1899
2022-10-11 22:45:41.282661,Alameda,sell,Mango,USD Coin,0.3423,1877
2022-10-11 22:45:41.282661,Alameda,sell,Mango,USD Coin,0.3453,531
2022-10-11 22:45:24.294362,Fsb16JMXAWLML5PTLKVh5Lg1xviVB6ah5p7YYcJEw3g2,buy,Mango,USD Coin,0.48,111
2022-10-11 22:45:24.294362,Fsb16JMXAWLML5PTLKVh5Lg1xviVB6ah5p7YYcJEw3g2,buy,Mango,USD Coin,0.0672,6653
2022-10-11 22:45:18.672184,EfaedeX5aRiZbR3qusCezvtuwsNB2JmgBD7JQXjEzH6p,buy,Mango,USD Coin,0.0672,1572
2022-10-11 22:45:13.041242,Alameda,sell,Mango,USD Coin,0.0563,11
2022-10-11 22:45:13.041242,Alameda,sell,Mango,USD Coin,0.0588,19
2022-10-11 22:45:13.041242,Alameda,sell,Mango,USD Coin,0.0593,4
2022-10-11 22:45:13.041242,Alameda,sell,Mango,USD Coin,0.0601,19
2022-10-11 22:45:13.041242,9kkjKR1eAEjiwrGB1R9igMdDHSRyWUhMBYghAoWFp3hH,buy,Mango,USD Coin,0.48,4
2022-10-11 22:45:13.041242,9kkjKR1eAEjiwrGB1R9igMdDHSRyWUhMBYghAoWFp3hH,buy,Mango,USD Coin,0.4,1
2022-10-11 22:45:13.041242,Alameda,sell,Mango,USD Coin,0.3784,4068
2022-10-11 22:45:13.041242,Alameda,sell,Mango,USD Coin,0.387,1874
2022-10-11 22:45:13.041242,Alameda,sell,Mango,USD Coin,0.3922,1675
2022-10-11 22:45:13.041242,Alameda,sell,Mango,USD Coin,0.3956,556
2022-10-11 22:45:13.041242,Alameda,sell,Mango,USD Coin,0.3974,649
2022-10-11 22:45:13.041242,Alameda,sell,Mango,USD Coin,0.3991,467
2022-10-11 22:45:13.041242,Alameda,sell,Mango,USD Coin,0.4008,662
2022-10-11 22:45:13.041242,Alameda,sell,Mango,USD Coin,0.0538,19
2022-10-11 22:45:13.041242,Alameda,sell,Mango,USD Coin,0.0543,1
2022-10-11 22:45:13.041242,Alameda,sell,Mango,USD Coin,0.0544,4
2022-10-11 22:45:13.041242,Alameda,sell,Mango,USD Coin,0.055,18
2022-10-11 22:45:13.041242,Alameda,sell,Mango,USD Coin,0.056,4
2022-10-11 22:45:13.041242,Alameda,sell,Mango,USD Coin,0.0576,19
2022-10-11 22:45:13.041242,Alameda,sell,Mango,USD Coin,0.0576,4
2022-10-11 22:45:07.176532,CMxukMpUgsD9GSedAqrRG2EJ5rnbwb4HLPHpMCk27HqC,buy,Mango,USD Coin,0.4,17
2022-10-11 22:45:07.176532,Ai5ZrhuwvDiLubv7gNpVS1v9qrKo5kxfARZGtKagkvH9,buy,Mango,USD Coin,0.4331,595
2022-10-11 22:45:07.176532,Ai5ZrhuwvDiLubv7gNpVS1v9qrKo5kxfARZGtKagkvH9,buy,Mango,USD Coin,0.0648,9199
2022-10-11 22:44:54.100213,Alameda,sell,Mango,USD Coin,0.5422,408
2022-10-11 22:44:54.100213,Alameda,sell,Mango,USD Coin,0.5446,598
2022-10-11 22:44:54.100213,Alameda,sell,Mango,USD Coin,0.547,381
2022-10-11 22:44:54.100213,Alameda,sell,Mango,USD Coin,0.5493,373
2022-10-11 22:44:54.100213,Mango,sell,Mango,USD Coin,0.5493,200
2022-10-11 22:44:54.100213,Raydium,buy,Mango,USD Coin,0.46,1
2022-10-11 22:44:54.100213,Alameda,sell,Mango,USD Coin,0.5375,1507
2022-10-11 22:44:54.100213,Ai5ZrhuwvDiLubv7gNpVS1v9qrKo5kxfARZGtKagkvH9,buy,Mango,USD Coin,0.46,6
2022-10-11 22:44:54.100203,Alameda,sell,Mango,USD Coin,0.0626,19
2022-10-11 22:44:54.100203,Alameda,sell,Mango,USD Coin,0.0613,11
2022-10-11 22:44:54.100203,8JfPbroaxRsVHnzrUE7V7KpjQUhQLsPs54qp479caqb8,buy,Mango,USD Coin,0.3,330
2022-10-11 22:44:54.100203,8JfPbroaxRsVHnzrUE7V7KpjQUhQLsPs54qp479caqb8,buy,Mango,USD Coin,0.9,28
2022-10-11 22:44:54.100203,AXbWErFD6be4GAGkESjzZkzapJPbJ5ivHBDusHQtDZ7H,buy,Mango,USD Coin,0.0694,1604
2022-10-11 22:44:54.100203,GjtTWjJ6hRemHVP48wMxQ9KrhpayYHLwJtsvWP5G8m2P,buy,Mango,USD Coin,0.0694,1427
2022-10-11 22:44:54.100203,Ab7uZRHpyC3LV82T1toYaDWqsAYZbFzFHz7Q9mNZ6EqN,buy,Mango,USD Coin,0.0694,1759
2022-10-11 22:44:54.100203,Ab7uZRHpyC3LV82T1toYaDWqsAYZbFzFHz7Q9mNZ6EqN,buy,Mango,USD Coin,0.0694,1753
2022-10-11 22:44:54.100203,EFtvVdhGYobBWux75PRsyaQRJYsMtdHF2SH9PuSUGYdy,buy,Mango,USD Coin,0.0694,1524
2022-10-11 22:44:54.100203,AXbWErFD6be4GAGkESjzZkzapJPbJ5ivHBDusHQtDZ7H,buy,Mango,USD Coin,0.0694,1604
2022-10-11 22:44:54.100203,Alameda,sell,Mango,USD Coin,0.079,8000
2022-10-11 22:44:54.100203,Mango,sell,Mango,USD Coin,0.5053,433
2022-10-11 22:44:54.100203,Mango,sell,Mango,USD Coin,0.5075,567
2022-10-11 22:44:54.100203,Alameda,sell,Mango,USD Coin,0.5186,3551
2022-10-11 22:44:54.100203,Alameda,sell,Mango,USD Coin,0.5304,1521
2022-10-11 22:44:54.100203,Ab7uZRHpyC3LV82T1toYaDWqsAYZbFzFHz7Q9mNZ6EqN,buy,Mango,USD Coin,0.9,8
2022-10-11 22:44:54.100203,Ab7uZRHpyC3LV82T1toYaDWqsAYZbFzFHz7Q9mNZ6EqN,buy,Mango,USD Coin,0.0694,1638
2022-10-11 22:44:54.100203,Alameda,sell,Mango,USD Coin,0.075,107
2022-10-11 22:44:54.100203,Alameda,sell,Mango,USD Coin,0.0725,345
2022-10-11 22:44:54.100203,Alameda,sell,Mango,USD Coin,0.0634,5993
2022-10-11 22:44:00.667316,23jBjkeNVWCyKPp8C4mk4vNr2Xo1VX5x8zuzrZiEa6dH,sell,Mango,USD Coin,0.3477,100
2022-10-11 22:44:00.667316,23jBjkeNVWCyKPp8C4mk4vNr2Xo1VX5x8zuzrZiEa6dH,sell,Mango,USD Coin,0.079,2000
2022-10-11 22:43:54.724722,Mango,buy,Mango,USD Coin,0.1205,1445
2022-10-11 22:43:54.724722,Mango,buy,Mango,USD Coin,0.122,639
2022-10-11 22:43:54.724722,Mango,buy,Mango,USD Coin,0.1215,1348
2022-10-11 22:43:54.724722,Mango,buy,Mango,USD Coin,0.121,579
2022-10-11 22:43:54.724695,ecEnSL3pdtJuFjTkCxovdajw5BH7gGQC9Qsf1EVQFdj,sell,Mango,USD Coin,0.5159,199
2022-10-11 22:43:54.724695,GjtTWjJ6hRemHVP48wMxQ9KrhpayYHLwJtsvWP5G8m2P,buy,Mango,USD Coin,0.5279,95
2022-10-11 22:43:54.724695,GjtTWjJ6hRemHVP48wMxQ9KrhpayYHLwJtsvWP5G8m2P,buy,Mango,USD Coin,0.5257,578
2022-10-11 22:43:54.724695,GjtTWjJ6hRemHVP48wMxQ9KrhpayYHLwJtsvWP5G8m2P,buy,Mango,USD Coin,0.5234,419
2022-10-11 22:43:54.724695,GjtTWjJ6hRemHVP48wMxQ9KrhpayYHLwJtsvWP5G8m2P,buy,Mango,USD Coin,0.5212,557
2022-10-11 22:43:54.724695,yUJw9a2PyoqKkH47i4yEGf4WXomSHMiK7Lp29Xs2NqM,buy,Mango,USD Coin,0.9,5520
2022-10-11 22:43:54.724695,yUJw9a2PyoqKkH47i4yEGf4WXomSHMiK7Lp29Xs2NqM,buy,Mango,USD Coin,0.12,248
2022-10-11 22:43:54.724695,Mango,buy,Mango,USD Coin,0.123,627
2022-10-11 22:43:54.724695,G9DcT8YTw4L9AAjUUpfPeVYGWiEf5MQskpC6q1zLdy2m,buy,Mango,USD Coin,0.46,26
2022-10-11 22:43:54.724695,8JfPbroaxRsVHnzrUE7V7KpjQUhQLsPs54qp479caqb8,buy,Mango,USD Coin,0.46,54
2022-10-11 22:43:54.724695,EDMGEpKKGKS7nxpu1gjLmuHHWAmvLNy3BZWDxNC3nhAt,buy,Mango,USD Coin,0.46,107
2022-10-11 22:43:54.724695,Fsb16JMXAWLML5PTLKVh5Lg1xviVB6ah5p7YYcJEw3g2,buy,Mango,USD Coin,0.46,54
2022-10-11 22:43:54.724695,Fsb16JMXAWLML5PTLKVh5Lg1xviVB6ah5p7YYcJEw3g2,buy,Mango,USD Coin,0.46,1088
2022-10-11 22:43:54.724695,Mango,sell,Mango,USD Coin,0.487,3761
2022-10-11 22:43:54.724695,Mango,sell,Mango,USD Coin,0.4982,1515
2022-10-11 22:43:54.724695,Mango,sell,Mango,USD Coin,0.5048,1578
2022-10-11 22:43:54.724695,Mango,sell,Mango,USD Coin,0.5093,433
2022-10-11 22:43:54.724695,Mango,sell,Mango,USD Coin,0.5115,577
2022-10-11 22:43:54.724695,Mango,sell,Mango,USD Coin,0.5137,411
2022-10-11 22:43:54.724695,Mango,sell,Mango,USD Coin,0.5159,389
2022-10-11 22:42:58.314713,23jBjkeNVWCyKPp8C4mk4vNr2Xo1VX5x8zuzrZiEa6dH,sell,Mango,USD Coin,0.1295,1291
2022-10-11 22:42:58.314713,23jBjkeNVWCyKPp8C4mk4vNr2Xo1VX5x8zuzrZiEa6dH,sell,Mango,USD Coin,0.1295,280
2022-10-11 22:42:58.314713,MAJ7epR484m7D515h9AwQNdfJ4TSGk4RmhrWH29iv47,sell,Mango,USD Coin,0.1295,12
2022-10-11 22:42:58.314713,Fsb16JMXAWLML5PTLKVh5Lg1xviVB6ah5p7YYcJEw3g2,sell,Mango,USD Coin,0.1295,194
2022-10-11 22:42:58.314713,MAJ7epR484m7D515h9AwQNdfJ4TSGk4RmhrWH29iv47,sell,Mango,USD Coin,0.1295,2111
2022-10-11 22:42:58.314713,ecEnSL3pdtJuFjTkCxovdajw5BH7gGQC9Qsf1EVQFdj,sell,Mango,USD Coin,0.1295,714
2022-10-11 22:42:58.314713,23jBjkeNVWCyKPp8C4mk4vNr2Xo1VX5x8zuzrZiEa6dH,sell,Mango,USD Coin,0.1295,1000
2022-10-11 22:42:58.314713,23jBjkeNVWCyKPp8C4mk4vNr2Xo1VX5x8zuzrZiEa6dH,sell,Mango,USD Coin,0.1295,2000
2022-10-11 22:42:58.314713,lr1227.sol,sell,Mango,USD Coin,0.1295,9557
2022-10-11 22:42:58.314713,23jBjkeNVWCyKPp8C4mk4vNr2Xo1VX5x8zuzrZiEa6dH,sell,Mango,USD Coin,0.1285,709
2022-10-11 22:42:42.76094,Mango,buy,Mango,USD Coin,0.1611,455
2022-10-11 22:42:42.76094,Mango,buy,Mango,USD Coin,0.1605,660
2022-10-11 22:42:42.76094,Mango,buy,Mango,USD Coin,0.1598,1179
2022-10-11 22:41:51.461264,ecEnSL3pdtJuFjTkCxovdajw5BH7gGQC9Qsf1EVQFdj,buy,Mango,USD Coin,0.1774,22
2022-10-11 22:41:40.456694,23jBjkeNVWCyKPp8C4mk4vNr2Xo1VX5x8zuzrZiEa6dH,sell,Mango,USD Coin,0.2021,110
2022-10-11 22:41:34.794592,23jBjkeNVWCyKPp8C4mk4vNr2Xo1VX5x8zuzrZiEa6dH,sell,Mango,USD Coin,0.1295,2000
2022-10-11 22:41:34.794592,23jBjkeNVWCyKPp8C4mk4vNr2Xo1VX5x8zuzrZiEa6dH,sell,Mango,USD Coin,0.1295,990
2022-10-11 22:41:34.794592,23jBjkeNVWCyKPp8C4mk4vNr2Xo1VX5x8zuzrZiEa6dH,sell,Mango,USD Coin,0.1554,10
2022-10-11 22:41:29.38144,23jBjkeNVWCyKPp8C4mk4vNr2Xo1VX5x8zuzrZiEa6dH,sell,Mango,USD Coin,0.2256,594
2022-10-11 22:41:29.38144,23jBjkeNVWCyKPp8C4mk4vNr2Xo1VX5x8zuzrZiEa6dH,sell,Mango,USD Coin,0.2266,457
2022-10-11 22:41:29.38144,23jBjkeNVWCyKPp8C4mk4vNr2Xo1VX5x8zuzrZiEa6dH,sell,Mango,USD Coin,0.2275,949
2022-10-11 22:40:53.550534,yUJw9a2PyoqKkH47i4yEGf4WXomSHMiK7Lp29Xs2NqM,buy,Mango,USD Coin,0.7,200
2022-10-11 22:40:53.550534,23jBjkeNVWCyKPp8C4mk4vNr2Xo1VX5x8zuzrZiEa6dH,sell,Mango,USD Coin,0.1295,2000
2022-10-11 22:40:53.550534,Mango,sell,Mango,USD Coin,0.2724,854
2022-10-11 22:40:53.550534,Mango,sell,Mango,USD Coin,0.2713,454
2022-10-11 22:40:53.550534,Mango,sell,Mango,USD Coin,0.2701,932
2022-10-11 22:40:53.550534,Mango,sell,Mango,USD Coin,0.2689,512
2022-10-11 22:40:53.550534,Mango,sell,Mango,USD Coin,0.2666,2154
2022-10-11 22:40:53.550534,Mango,sell,Mango,USD Coin,0.2631,1092
2022-10-11 22:40:53.550534,yUJw9a2PyoqKkH47i4yEGf4WXomSHMiK7Lp29Xs2NqM,buy,Mango,USD Coin,0.4,50000
2022-10-11 22:40:53.550534,yUJw9a2PyoqKkH47i4yEGf4WXomSHMiK7Lp29Xs2NqM,buy,Mango,USD Coin,0.745,112
2022-10-11 22:40:53.550534,yUJw9a2PyoqKkH47i4yEGf4WXomSHMiK7Lp29Xs2NqM,buy,Mango,USD Coin,0.789,317
2022-10-11 22:40:53.550534,yUJw9a2PyoqKkH47i4yEGf4WXomSHMiK7Lp29Xs2NqM,buy,Mango,USD Coin,0.79,1001
2022-10-11 22:40:53.550534,yUJw9a2PyoqKkH47i4yEGf4WXomSHMiK7Lp29Xs2NqM,buy,Mango,USD Coin,0.795,595
2022-10-11 22:40:53.550534,yUJw9a2PyoqKkH47i4yEGf4WXomSHMiK7Lp29Xs2NqM,buy,Mango,USD Coin,0.813,713
2022-10-11 22:40:53.550534,yUJw9a2PyoqKkH47i4yEGf4WXomSHMiK7Lp29Xs2NqM,buy,Mango,USD Coin,0.84,88
2022-10-11 22:40:53.550534,yUJw9a2PyoqKkH47i4yEGf4WXomSHMiK7Lp29Xs2NqM,buy,Mango,USD Coin,0.91,8348
2022-10-11 22:40:53.550534,23jBjkeNVWCyKPp8C4mk4vNr2Xo1VX5x8zuzrZiEa6dH,sell,Mango,USD Coin,0.1295,1000
2022-10-11 22:40:53.550534,23jBjkeNVWCyKPp8C4mk4vNr2Xo1VX5x8zuzrZiEa6dH,sell,Mango,USD Coin,0.1295,1060
2022-10-11 22:39:52.3991,lr1227.sol,sell,Mango,USD Coin,0.1295,1600
2022-10-11 22:39:07.87183,ysj1Fy5BNgos8ZewpPRCqVjN6CACJwo4Z6iwQkA93u2,buy,Mango,USD Coin,0.2,395
2022-10-11 22:39:07.87183,yUJw9a2PyoqKkH47i4yEGf4WXomSHMiK7Lp29Xs2NqM,buy,Mango,USD Coin,0.2,24990
2022-10-11 22:39:07.87183,Ai5ZrhuwvDiLubv7gNpVS1v9qrKo5kxfARZGtKagkvH9,buy,Mango,USD Coin,0.2,1658
2022-10-11 22:39:07.87183,Ai5ZrhuwvDiLubv7gNpVS1v9qrKo5kxfARZGtKagkvH9,buy,Mango,USD Coin,0.7,175
2022-10-11 22:39:07.87183,Ai5ZrhuwvDiLubv7gNpVS1v9qrKo5kxfARZGtKagkvH9,buy,Mango,USD Coin,0.6988,605
2022-10-11 22:39:02.0293,GjtTWjJ6hRemHVP48wMxQ9KrhpayYHLwJtsvWP5G8m2P,buy,Mango,USD Coin,0.2,2344
2022-10-11 22:39:02.0293,Fsb16JMXAWLML5PTLKVh5Lg1xviVB6ah5p7YYcJEw3g2,buy,Mango,USD Coin,0.2,2499
2022-10-11 22:38:55.586551,Fsb16JMXAWLML5PTLKVh5Lg1xviVB6ah5p7YYcJEw3g2,buy,Mango,USD Coin,0.2,499
2022-10-11 22:38:55.586551,Ab7uZRHpyC3LV82T1toYaDWqsAYZbFzFHz7Q9mNZ6EqN,buy,Mango,USD Coin,0.2,2297
2022-10-11 22:38:55.586551,Fsb16JMXAWLML5PTLKVh5Lg1xviVB6ah5p7YYcJEw3g2,buy,Mango,USD Coin,0.2,124
2022-10-11 22:38:55.586551,Fsb16JMXAWLML5PTLKVh5Lg1xviVB6ah5p7YYcJEw3g2,buy,Mango,USD Coin,0.2,249
2022-10-11 22:38:55.586551,Ai5ZrhuwvDiLubv7gNpVS1v9qrKo5kxfARZGtKagkvH9,buy,Mango,USD Coin,0.2,9168
2022-10-11 22:38:55.586551,Ab7uZRHpyC3LV82T1toYaDWqsAYZbFzFHz7Q9mNZ6EqN,buy,Mango,USD Coin,0.2,1148
2022-10-11 22:38:55.586551,Ai5ZrhuwvDiLubv7gNpVS1v9qrKo5kxfARZGtKagkvH9,buy,Mango,USD Coin,0.2,2263
2022-10-11 22:38:55.586551,9kkjKR1eAEjiwrGB1R9igMdDHSRyWUhMBYghAoWFp3hH,buy,Mango,USD Coin,0.2,46750
2022-10-11 22:38:55.586551,Ai5ZrhuwvDiLubv7gNpVS1v9qrKo5kxfARZGtKagkvH9,buy,Mango,USD Coin,0.2,2138
2022-10-11 22:38:55.586551,Ab7uZRHpyC3LV82T1toYaDWqsAYZbFzFHz7Q9mNZ6EqN,buy,Mango,USD Coin,0.2,1366
2022-10-11 22:38:55.586551,EFtvVdhGYobBWux75PRsyaQRJYsMtdHF2SH9PuSUGYdy,buy,Mango,USD Coin,0.2,2112
2022-10-11 22:38:49.709676,ecEnSL3pdtJuFjTkCxovdajw5BH7gGQC9Qsf1EVQFdj,buy,Mango,USD Coin,0.2,59032
2022-10-11 22:38:49.709676,GjtTWjJ6hRemHVP48wMxQ9KrhpayYHLwJtsvWP5G8m2P,buy,Mango,USD Coin,0.2,1268
2022-10-11 22:38:49.709676,Fsb16JMXAWLML5PTLKVh5Lg1xviVB6ah5p7YYcJEw3g2,buy,Mango,USD Coin,0.2,124
2022-10-11 22:38:49.709676,Fsb16JMXAWLML5PTLKVh5Lg1xviVB6ah5p7YYcJEw3g2,buy,Mango,USD Coin,0.2,124
2022-10-11 22:38:49.709676,Fsb16JMXAWLML5PTLKVh5Lg1xviVB6ah5p7YYcJEw3g2,buy,Mango,USD Coin,0.2,2503
2022-10-11 22:38:49.709676,G9DcT8YTw4L9AAjUUpfPeVYGWiEf5MQskpC6q1zLdy2m,buy,Mango,USD Coin,0.2,1824
2022-10-11 22:38:49.709676,AXbWErFD6be4GAGkESjzZkzapJPbJ5ivHBDusHQtDZ7H,buy,Mango,USD Coin,0.2,12169
2022-10-11 22:38:49.709676,GjtTWjJ6hRemHVP48wMxQ9KrhpayYHLwJtsvWP5G8m2P,buy,Mango,USD Coin,0.2,1301
2022-10-11 22:38:43.873578,Mango,buy,Mango,USD Coin,0.2909,304
2022-10-11 22:38:43.873578,23jBjkeNVWCyKPp8C4mk4vNr2Xo1VX5x8zuzrZiEa6dH,sell,Mango,USD Coin,0.1295,1260
2022-10-11 22:38:38.253877,Raydium,buy,Mango,USD Coin,0.2601,1
2022-10-11 22:38:38.253877,23jBjkeNVWCyKPp8C4mk4vNr2Xo1VX5x8zuzrZiEa6dH,sell,Mango,USD Coin,0.1295,1000
2022-10-11 22:38:38.253877,23jBjkeNVWCyKPp8C4mk4vNr2Xo1VX5x8zuzrZiEa6dH,sell,Mango,USD Coin,0.1295,2000
2022-10-11 22:38:32.642106,ecEnSL3pdtJuFjTkCxovdajw5BH7gGQC9Qsf1EVQFdj,buy,Mango,USD Coin,0.2601,3
2022-10-11 22:38:32.642106,GjtTWjJ6hRemHVP48wMxQ9KrhpayYHLwJtsvWP5G8m2P,buy,Mango,USD Coin,0.2601,2275
2022-10-11 22:38:26.971247,yUJw9a2PyoqKkH47i4yEGf4WXomSHMiK7Lp29Xs2NqM,buy,Mango,USD Coin,0.2482,20757
2022-10-11 22:38:26.971247,Fsb16JMXAWLML5PTLKVh5Lg1xviVB6ah5p7YYcJEw3g2,buy,Mango,USD Coin,0.3642,274
2022-10-11 22:38:26.971247,EDMGEpKKGKS7nxpu1gjLmuHHWAmvLNy3BZWDxNC3nhAt,buy,Mango,USD Coin,0.3642,2429
2022-10-11 22:38:26.971247,EDMGEpKKGKS7nxpu1gjLmuHHWAmvLNy3BZWDxNC3nhAt,buy,Mango,USD Coin,0.6942,34
2022-10-11 22:38:26.971247,EDMGEpKKGKS7nxpu1gjLmuHHWAmvLNy3BZWDxNC3nhAt,buy,Mango,USD Coin,0.6988,845
2022-10-11 22:38:26.971247,yUJw9a2PyoqKkH47i4yEGf4WXomSHMiK7Lp29Xs2NqM,buy,Mango,USD Coin,0.3642,6439
2022-10-11 22:38:20.764098,JA6hRexXi9UjWpBqopis25A6SLnkWqPJ61mPm3UqTcB5,buy,Mango,USD Coin,0.2482,39
2022-10-11 22:38:20.764098,ATCvfjcytTLkU9iu3TCtLpixkDtDsYRB9goyZWQjFHXq,buy,Mango,USD Coin,0.2482,20
2022-10-11 22:38:20.764098,ATCvfjcytTLkU9iu3TCtLpixkDtDsYRB9goyZWQjFHXq,buy,Mango,USD Coin,0.2482,40
2022-10-11 22:38:14.548315,Fsb16JMXAWLML5PTLKVh5Lg1xviVB6ah5p7YYcJEw3g2,buy,Mango,USD Coin,0.2482,1006
2022-10-11 22:38:14.548315,Mango,sell,Mango,USD Coin,0.2624,806
2022-10-11 22:38:14.548315,Mango,sell,Mango,USD Coin,0.2613,564
2022-10-11 22:38:14.548315,Mango,sell,Mango,USD Coin,0.2601,909
2022-10-11 22:38:14.548315,Mango,sell,Mango,USD Coin,0.259,489
2022-10-11 22:38:14.548315,Mango,sell,Mango,USD Coin,0.2567,2322
2022-10-11 22:38:14.548315,Mango,sell,Mango,USD Coin,0.2533,2058
2022-10-11 22:38:14.548315,ecEnSL3pdtJuFjTkCxovdajw5BH7gGQC9Qsf1EVQFdj,buy,Mango,USD Coin,0.2482,1351
2022-10-11 22:38:14.548315,Fsb16JMXAWLML5PTLKVh5Lg1xviVB6ah5p7YYcJEw3g2,buy,Mango,USD Coin,0.2482,132
2022-10-11 22:38:14.548315,Fsb16JMXAWLML5PTLKVh5Lg1xviVB6ah5p7YYcJEw3g2,buy,Mango,USD Coin,0.2482,402
2022-10-11 22:38:14.548315,Fsb16JMXAWLML5PTLKVh5Lg1xviVB6ah5p7YYcJEw3g2,buy,Mango,USD Coin,0.2482,402
2022-10-11 22:38:14.548315,AXbWErFD6be4GAGkESjzZkzapJPbJ5ivHBDusHQtDZ7H,buy,Mango,USD Coin,0.2482,221
2022-10-11 22:38:14.548315,Mango,buy,Mango,USD Coin,0.2482,60
2022-10-11 22:38:14.548315,Fsb16JMXAWLML5PTLKVh5Lg1xviVB6ah5p7YYcJEw3g2,buy,Mango,USD Coin,0.2482,402
2022-10-11 22:37:56.204027,Ab7uZRHpyC3LV82T1toYaDWqsAYZbFzFHz7Q9mNZ6EqN,sell,Mango,USD Coin,0.1295,38
2022-10-11 22:37:56.204027,Mango,buy,Mango,USD Coin,0.4,22
2022-10-11 22:37:56.204027,Ab7uZRHpyC3LV82T1toYaDWqsAYZbFzFHz7Q9mNZ6EqN,sell,Mango,USD Coin,0.5463,109
2022-10-11 22:37:56.204027,23jBjkeNVWCyKPp8C4mk4vNr2Xo1VX5x8zuzrZiEa6dH,sell,Mango,USD Coin,0.1295,170
2022-10-11 22:37:50.777887,23jBjkeNVWCyKPp8C4mk4vNr2Xo1VX5x8zuzrZiEa6dH,sell,Mango,USD Coin,0.3129,506
2022-10-11 22:37:50.777887,Mango,buy,Mango,USD Coin,0.3203,34
2022-10-11 22:37:50.777887,23jBjkeNVWCyKPp8C4mk4vNr2Xo1VX5x8zuzrZiEa6dH,sell,Mango,USD Coin,0.317,761
2022-10-11 22:37:50.777887,23jBjkeNVWCyKPp8C4mk4vNr2Xo1VX5x8zuzrZiEa6dH,sell,Mango,USD Coin,0.3157,239
2022-10-11 22:37:50.777887,23jBjkeNVWCyKPp8C4mk4vNr2Xo1VX5x8zuzrZiEa6dH,sell,Mango,USD Coin,0.3157,224
2022-10-11 22:37:50.777887,23jBjkeNVWCyKPp8C4mk4vNr2Xo1VX5x8zuzrZiEa6dH,sell,Mango,USD Coin,0.3143,828
2022-10-11 22:37:50.777887,23jBjkeNVWCyKPp8C4mk4vNr2Xo1VX5x8zuzrZiEa6dH,sell,Mango,USD Coin,0.3102,442
2022-10-11 22:37:40.48374,23jBjkeNVWCyKPp8C4mk4vNr2Xo1VX5x8zuzrZiEa6dH,sell,Mango,USD Coin,0.3366,745
2022-10-11 22:37:40.48374,23jBjkeNVWCyKPp8C4mk4vNr2Xo1VX5x8zuzrZiEa6dH,sell,Mango,USD Coin,0.3352,459
2022-10-11 22:37:40.48374,23jBjkeNVWCyKPp8C4mk4vNr2Xo1VX5x8zuzrZiEa6dH,sell,Mango,USD Coin,0.3337,796
2022-10-11 22:37:40.48374,23jBjkeNVWCyKPp8C4mk4vNr2Xo1VX5x8zuzrZiEa6dH,sell,Mango,USD Coin,0.3337,9
2022-10-11 22:37:40.48374,23jBjkeNVWCyKPp8C4mk4vNr2Xo1VX5x8zuzrZiEa6dH,sell,Mango,USD Coin,0.3323,420
2022-10-11 22:37:40.48374,23jBjkeNVWCyKPp8C4mk4vNr2Xo1VX5x8zuzrZiEa6dH,sell,Mango,USD Coin,0.3294,571
2022-10-11 22:37:34.59205,Ab7uZRHpyC3LV82T1toYaDWqsAYZbFzFHz7Q9mNZ6EqN,sell,Mango,USD Coin,0.3386,686
2022-10-11 22:37:34.59205,EFtvVdhGYobBWux75PRsyaQRJYsMtdHF2SH9PuSUGYdy,sell,Mango,USD Coin,0.3371,126
2022-10-11 22:37:23.105951,ecEnSL3pdtJuFjTkCxovdajw5BH7gGQC9Qsf1EVQFdj,buy,Mango,USD Coin,0.3585,19
2022-10-11 22:37:17.859576,Mango,buy,Mango,USD Coin,0.4318,602
2022-10-11 22:37:17.859576,Mango,buy,Mango,USD Coin,0.43,441
2022-10-11 22:37:17.859576,Mango,buy,Mango,USD Coin,0.4282,544
2022-10-11 22:37:17.859576,Mango,buy,Mango,USD Coin,0.4282,14
2022-10-11 22:37:17.859576,Mango,buy,Mango,USD Coin,0.4282,26
2022-10-11 22:37:17.859576,Mango,buy,Mango,USD Coin,0.4282,44
2022-10-11 22:37:17.859576,Mango,buy,Mango,USD Coin,0.4274,244
2022-10-11 22:37:17.859576,Mango,buy,Mango,USD Coin,0.6942,1
2022-10-11 22:37:17.859576,Mango,buy,Mango,USD Coin,0.4337,506
2022-10-11 22:37:17.859576,Mango,buy,Mango,USD Coin,0.4373,9
2022-10-11 22:37:11.819843,Mango,buy,Mango,USD Coin,0.6942,2
2022-10-11 22:37:05.969148,yUJw9a2PyoqKkH47i4yEGf4WXomSHMiK7Lp29Xs2NqM,buy,Mango,USD Coin,0.5,9996
2022-10-11 22:37:05.969148,Raydium,buy,Mango,USD Coin,0.5,4
2022-10-11 22:37:00.474228,CMxukMpUgsD9GSedAqrRG2EJ5rnbwb4HLPHpMCk27HqC,buy,Mango,USD Coin,0.2914,24
2022-10-11 22:37:00.474228,ecEnSL3pdtJuFjTkCxovdajw5BH7gGQC9Qsf1EVQFdj,sell,Mango,USD Coin,0.2764,264
2022-10-11 22:37:00.474228,ecEnSL3pdtJuFjTkCxovdajw5BH7gGQC9Qsf1EVQFdj,sell,Mango,USD Coin,0.2788,817
2022-10-11 22:37:00.474228,ecEnSL3pdtJuFjTkCxovdajw5BH7gGQC9Qsf1EVQFdj,sell,Mango,USD Coin,0.2776,548
2022-10-11 22:34:51.771481,Mango,buy,Mango,USD Coin,0.6942,1
2022-10-11 22:34:46.129699,ecEnSL3pdtJuFjTkCxovdajw5BH7gGQC9Qsf1EVQFdj,buy,Mango,USD Coin,0.5134,19
2022-10-11 22:34:40.270487,GjtTWjJ6hRemHVP48wMxQ9KrhpayYHLwJtsvWP5G8m2P,buy,Mango,USD Coin,0.1244,138
2022-10-11 22:34:40.270487,GjtTWjJ6hRemHVP48wMxQ9KrhpayYHLwJtsvWP5G8m2P,buy,Mango,USD Coin,0.6942,1
2022-10-11 22:34:34.263528,yUJw9a2PyoqKkH47i4yEGf4WXomSHMiK7Lp29Xs2NqM,buy,Mango,USD Coin,0.545,74
2022-10-11 22:34:34.263528,yUJw9a2PyoqKkH47i4yEGf4WXomSHMiK7Lp29Xs2NqM,buy,Mango,USD Coin,0.5241,1160
2022-10-11 22:34:34.263528,yUJw9a2PyoqKkH47i4yEGf4WXomSHMiK7Lp29Xs2NqM,buy,Mango,USD Coin,0.5198,919
2022-10-11 22:34:34.263528,yUJw9a2PyoqKkH47i4yEGf4WXomSHMiK7Lp29Xs2NqM,buy,Mango,USD Coin,0.51,108
2022-10-11 22:34:34.263528,yUJw9a2PyoqKkH47i4yEGf4WXomSHMiK7Lp29Xs2NqM,buy,Mango,USD Coin,0.498,888
2022-10-11 22:34:34.263528,yUJw9a2PyoqKkH47i4yEGf4WXomSHMiK7Lp29Xs2NqM,buy,Mango,USD Coin,0.5,133
2022-10-11 22:34:34.263528,yUJw9a2PyoqKkH47i4yEGf4WXomSHMiK7Lp29Xs2NqM,buy,Mango,USD Coin,0.495,99
2022-10-11 22:34:34.263528,yUJw9a2PyoqKkH47i4yEGf4WXomSHMiK7Lp29Xs2NqM,buy,Mango,USD Coin,0.64,1000
2022-10-11 22:34:34.263528,yUJw9a2PyoqKkH47i4yEGf4WXomSHMiK7Lp29Xs2NqM,buy,Mango,USD Coin,0.6,90
2022-10-11 22:34:34.263528,yUJw9a2PyoqKkH47i4yEGf4WXomSHMiK7Lp29Xs2NqM,buy,Mango,USD Coin,0.6,100
2022-10-11 22:34:34.263528,yUJw9a2PyoqKkH47i4yEGf4WXomSHMiK7Lp29Xs2NqM,buy,Mango,USD Coin,0.645,112
2022-10-11 22:34:34.263528,yUJw9a2PyoqKkH47i4yEGf4WXomSHMiK7Lp29Xs2NqM,buy,Mango,USD Coin,0.5,2000
2022-10-11 22:34:34.263528,yUJw9a2PyoqKkH47i4yEGf4WXomSHMiK7Lp29Xs2NqM,buy,Mango,USD Coin,0.4912,21482
2022-10-11 22:34:34.263528,yUJw9a2PyoqKkH47i4yEGf4WXomSHMiK7Lp29Xs2NqM,buy,Mango,USD Coin,0.68,108
2022-10-11 22:34:34.263528,yUJw9a2PyoqKkH47i4yEGf4WXomSHMiK7Lp29Xs2NqM,buy,Mango,USD Coin,0.689,400
2022-10-11 22:34:34.263528,yUJw9a2PyoqKkH47i4yEGf4WXomSHMiK7Lp29Xs2NqM,buy,Mango,USD Coin,0.6942,61
2022-10-11 22:34:34.263528,yUJw9a2PyoqKkH47i4yEGf4WXomSHMiK7Lp29Xs2NqM,buy,Mango,USD Coin,0.589,600
2022-10-11 22:34:34.263528,yUJw9a2PyoqKkH47i4yEGf4WXomSHMiK7Lp29Xs2NqM,buy,Mango,USD Coin,0.56,120
2022-10-11 22:34:34.263528,yUJw9a2PyoqKkH47i4yEGf4WXomSHMiK7Lp29Xs2NqM,buy,Mango,USD Coin,0.666,5
2022-10-11 22:34:34.263528,yUJw9a2PyoqKkH47i4yEGf4WXomSHMiK7Lp29Xs2NqM,buy,Mango,USD Coin,0.5,123
2022-10-11 22:33:59.186923,yUJw9a2PyoqKkH47i4yEGf4WXomSHMiK7Lp29Xs2NqM,buy,Mango,USD Coin,0.4912,40700
2022-10-11 22:33:43.184902,Raydium,buy,Mango,USD Coin,0.1071,173
2022-10-11 22:33:26.625557,23jBjkeNVWCyKPp8C4mk4vNr2Xo1VX5x8zuzrZiEa6dH,sell,Mango,USD Coin,0.1286,550
2022-10-11 22:33:20.574783,Ab7uZRHpyC3LV82T1toYaDWqsAYZbFzFHz7Q9mNZ6EqN,sell,Mango,USD Coin,0.0634,5
2022-10-11 22:33:20.574783,Ab7uZRHpyC3LV82T1toYaDWqsAYZbFzFHz7Q9mNZ6EqN,sell,Mango,USD Coin,0.173,35
2022-10-11 22:33:14.357577,AXbWErFD6be4GAGkESjzZkzapJPbJ5ivHBDusHQtDZ7H,sell,Mango,USD Coin,0.173,1987
2022-10-11 22:33:14.357577,CMxukMpUgsD9GSedAqrRG2EJ5rnbwb4HLPHpMCk27HqC,sell,Mango,USD Coin,0.173,518
2022-10-11 22:33:02.792422,Mango,buy,Mango,USD Coin,0.1428,171
2022-10-11 22:33:02.792422,Mango,buy,Mango,USD Coin,0.1353,1279
2022-10-11 22:33:02.792422,Mango,buy,Mango,USD Coin,0.1359,732
2022-10-11 22:33:02.792422,Mango,buy,Mango,USD Coin,0.1364,897
2022-10-11 22:33:02.792422,Mango,buy,Mango,USD Coin,0.137,1052
2022-10-11 22:33:02.792422,Mango,buy,Mango,USD Coin,0.1382,2732
2022-10-11 22:33:02.792422,Mango,buy,Mango,USD Coin,0.1399,2674
2022-10-11 22:32:50.126316,Mango,buy,Mango,USD Coin,0.1339,1358
2022-10-11 22:32:50.126316,Mango,buy,Mango,USD Coin,0.1413,5248
2022-10-11 22:32:50.126316,Mango,buy,Mango,USD Coin,0.1384,2511
2022-10-11 22:32:50.126316,Mango,buy,Mango,USD Coin,0.1371,10802
2022-10-11 22:32:50.126316,Mango,buy,Mango,USD Coin,0.1367,3003
2022-10-11 22:32:50.126316,Mango,buy,Mango,USD Coin,0.1356,472
2022-10-11 22:32:50.126316,Mango,buy,Mango,USD Coin,0.135,1570
2022-10-11 22:32:50.126316,Mango,buy,Mango,USD Coin,0.1344,368
2022-10-11 22:32:14.99564,Mango,buy,Mango,USD Coin,0.1508,297
2022-10-11 22:31:58.617527,AXbWErFD6be4GAGkESjzZkzapJPbJ5ivHBDusHQtDZ7H,buy,Mango,USD Coin,0.0692,739
2022-10-11 22:31:58.617527,ecEnSL3pdtJuFjTkCxovdajw5BH7gGQC9Qsf1EVQFdj,buy,Mango,USD Coin,0.0692,30
2022-10-11 22:31:58.617527,GjtTWjJ6hRemHVP48wMxQ9KrhpayYHLwJtsvWP5G8m2P,buy,Mango,USD Coin,0.0639,492
2022-10-11 22:31:58.617527,GjtTWjJ6hRemHVP48wMxQ9KrhpayYHLwJtsvWP5G8m2P,buy,Mango,USD Coin,0.1577,16
2022-10-11 22:31:58.617527,GjtTWjJ6hRemHVP48wMxQ9KrhpayYHLwJtsvWP5G8m2P,buy,Mango,USD Coin,0.0652,490
2022-10-11 22:31:58.617527,Ab7uZRHpyC3LV82T1toYaDWqsAYZbFzFHz7Q9mNZ6EqN,buy,Mango,USD Coin,0.0652,134
2022-10-11 22:31:58.617527,Fsb16JMXAWLML5PTLKVh5Lg1xviVB6ah5p7YYcJEw3g2,buy,Mango,USD Coin,0.0759,329
2022-10-11 22:31:58.617527,AasQTQH9oroodW5vi3uEoDuLyJDVfMz7GWehvisdGmDX,buy,Mango,USD Coin,0.0759,536
2022-10-11 22:31:58.617527,Fsb16JMXAWLML5PTLKVh5Lg1xviVB6ah5p7YYcJEw3g2,buy,Mango,USD Coin,0.0759,316
2022-10-11 22:31:58.617527,Fsb16JMXAWLML5PTLKVh5Lg1xviVB6ah5p7YYcJEw3g2,buy,Mango,USD Coin,0.4912,52
2022-10-11 22:31:58.617527,JA6hRexXi9UjWpBqopis25A6SLnkWqPJ61mPm3UqTcB5,buy,Mango,USD Coin,0.0775,405
2022-10-11 22:31:58.617527,EDMGEpKKGKS7nxpu1gjLmuHHWAmvLNy3BZWDxNC3nhAt,buy,Mango,USD Coin,0.0775,281
2022-10-11 22:31:58.617527,EDMGEpKKGKS7nxpu1gjLmuHHWAmvLNy3BZWDxNC3nhAt,buy,Mango,USD Coin,0.4912,57
2022-10-11 22:31:58.617527,23jBjkeNVWCyKPp8C4mk4vNr2Xo1VX5x8zuzrZiEa6dH,sell,Mango,USD Coin,0.0634,1608
2022-10-11 22:31:58.617527,23jBjkeNVWCyKPp8C4mk4vNr2Xo1VX5x8zuzrZiEa6dH,sell,Mango,USD Coin,0.0634,392
2022-10-11 22:31:58.617527,23jBjkeNVWCyKPp8C4mk4vNr2Xo1VX5x8zuzrZiEa6dH,sell,Mango,USD Coin,0.0634,1000
2022-10-11 22:31:25.272637,FnJZCfHc6LuZKCWMJGsHmpmqPeVVpxiJR3upiFp8TWsG,buy,Mango,USD Coin,0.1629,2
2022-10-11 22:31:07.282934,EDMGEpKKGKS7nxpu1gjLmuHHWAmvLNy3BZWDxNC3nhAt,buy,Mango,USD Coin,0.061,244
2022-10-11 22:31:07.282934,EDMGEpKKGKS7nxpu1gjLmuHHWAmvLNy3BZWDxNC3nhAt,buy,Mango,USD Coin,0.17,58
2022-10-11 22:31:01.247939,AasQTQH9oroodW5vi3uEoDuLyJDVfMz7GWehvisdGmDX,buy,Mango,USD Coin,0.17,2
2022-10-11 22:31:01.247939,ecEnSL3pdtJuFjTkCxovdajw5BH7gGQC9Qsf1EVQFdj,buy,Mango,USD Coin,0.17,60
2022-10-11 22:31:01.247939,ecEnSL3pdtJuFjTkCxovdajw5BH7gGQC9Qsf1EVQFdj,buy,Mango,USD Coin,0.061,244
2022-10-11 22:30:55.793322,G6EF4Q1mJBZck6BNrMk6xMkCC8Su7GrS1U1HxoRW5hAV,buy,Mango,USD Coin,0.4912,1
2022-10-11 22:30:55.793322,ecEnSL3pdtJuFjTkCxovdajw5BH7gGQC9Qsf1EVQFdj,buy,Mango,USD Coin,0.0545,240
2022-10-11 22:30:55.793322,G6EF4Q1mJBZck6BNrMk6xMkCC8Su7GrS1U1HxoRW5hAV,buy,Mango,USD Coin,0.0545,9
2022-10-11 22:30:44.695763,G9DcT8YTw4L9AAjUUpfPeVYGWiEf5MQskpC6q1zLdy2m,sell,Mango,USD Coin,0.0425,1065
2022-10-11 22:30:44.695763,Ai5ZrhuwvDiLubv7gNpVS1v9qrKo5kxfARZGtKagkvH9,sell,Mango,USD Coin,0.3304,3067
2022-10-11 22:30:44.695763,G9DcT8YTw4L9AAjUUpfPeVYGWiEf5MQskpC6q1zLdy2m,sell,Mango,USD Coin,0.0442,278
2022-10-11 22:30:44.695763,G9DcT8YTw4L9AAjUUpfPeVYGWiEf5MQskpC6q1zLdy2m,sell,Mango,USD Coin,0.3304,20194
2022-10-11 22:30:44.695763,G9DcT8YTw4L9AAjUUpfPeVYGWiEf5MQskpC6q1zLdy2m,sell,Mango,USD Coin,0.0439,817
2022-10-11 22:30:44.695763,G9DcT8YTw4L9AAjUUpfPeVYGWiEf5MQskpC6q1zLdy2m,sell,Mango,USD Coin,0.0437,566
2022-10-11 22:30:44.695763,G9DcT8YTw4L9AAjUUpfPeVYGWiEf5MQskpC6q1zLdy2m,sell,Mango,USD Coin,0.0436,5
2022-10-11 22:30:33.686496,AasQTQH9oroodW5vi3uEoDuLyJDVfMz7GWehvisdGmDX,sell,Mango,USD Coin,0.3304,5029
2022-10-11 22:30:33.686496,AasQTQH9oroodW5vi3uEoDuLyJDVfMz7GWehvisdGmDX,sell,Mango,USD Coin,0.3304,3113
2022-10-11 22:30:33.686496,AasQTQH9oroodW5vi3uEoDuLyJDVfMz7GWehvisdGmDX,sell,Mango,USD Coin,0.0454,374
2022-10-11 22:30:33.686496,AasQTQH9oroodW5vi3uEoDuLyJDVfMz7GWehvisdGmDX,sell,Mango,USD Coin,0.0442,1401
2022-10-11 22:30:33.686496,Mango,sell,Mango,USD Coin,0.3304,10091
2022-10-11 22:30:11.982931,G9DcT8YTw4L9AAjUUpfPeVYGWiEf5MQskpC6q1zLdy2m,sell,Mango,USD Coin,0.0454,225
2022-10-11 22:30:11.982931,G9DcT8YTw4L9AAjUUpfPeVYGWiEf5MQskpC6q1zLdy2m,sell,Mango,USD Coin,0.3304,10102
2022-10-11 22:30:11.982931,EDMGEpKKGKS7nxpu1gjLmuHHWAmvLNy3BZWDxNC3nhAt,sell,Mango,USD Coin,0.3304,165
2022-10-11 22:30:05.996285,Mango,buy,Mango,USD Coin,0.1506,20
2022-10-11 22:29:59.736232,EFtvVdhGYobBWux75PRsyaQRJYsMtdHF2SH9PuSUGYdy,sell,Mango,USD Coin,0.3304,14
2022-10-11 22:29:59.736232,EFtvVdhGYobBWux75PRsyaQRJYsMtdHF2SH9PuSUGYdy,sell,Mango,USD Coin,0.0448,2
2022-10-11 22:29:59.736205,G9DcT8YTw4L9AAjUUpfPeVYGWiEf5MQskpC6q1zLdy2m,sell,Mango,USD Coin,0.0454,178
2022-10-11 22:29:59.736205,G6EF4Q1mJBZck6BNrMk6xMkCC8Su7GrS1U1HxoRW5hAV,sell,Mango,USD Coin,0.3304,29921
2022-10-11 22:29:59.736205,Ab7uZRHpyC3LV82T1toYaDWqsAYZbFzFHz7Q9mNZ6EqN,sell,Mango,USD Coin,0.3304,601
2022-10-11 22:29:59.736205,ysj1Fy5BNgos8ZewpPRCqVjN6CACJwo4Z6iwQkA93u2,sell,Mango,USD Coin,0.3304,192
2022-10-11 22:29:59.736205,Mango,buy,Mango,USD Coin,0.129,13
2022-10-11 22:29:59.736205,Mango,sell,Mango,USD Coin,0.3304,9999
2022-10-11 22:29:59.736205,G9DcT8YTw4L9AAjUUpfPeVYGWiEf5MQskpC6q1zLdy2m,sell,Mango,USD Coin,0.3304,5179
2022-10-11 22:29:59.736205,CMxukMpUgsD9GSedAqrRG2EJ5rnbwb4HLPHpMCk27HqC,sell,Mango,USD Coin,0.3304,518
2022-10-11 22:29:59.736205,AasQTQH9oroodW5vi3uEoDuLyJDVfMz7GWehvisdGmDX,sell,Mango,USD Coin,0.3304,31
2022-10-11 22:29:59.736205,AasQTQH9oroodW5vi3uEoDuLyJDVfMz7GWehvisdGmDX,sell,Mango,USD Coin,0.3304,5635
2022-10-11 22:29:59.736205,AXbWErFD6be4GAGkESjzZkzapJPbJ5ivHBDusHQtDZ7H,sell,Mango,USD Coin,0.3304,4606
2022-10-11 22:29:59.736205,Ab7uZRHpyC3LV82T1toYaDWqsAYZbFzFHz7Q9mNZ6EqN,sell,Mango,USD Coin,0.3304,386
2022-10-11 22:29:59.736205,Ai5ZrhuwvDiLubv7gNpVS1v9qrKo5kxfARZGtKagkvH9,sell,Mango,USD Coin,0.3304,532
2022-10-11 22:29:59.736205,G9DcT8YTw4L9AAjUUpfPeVYGWiEf5MQskpC6q1zLdy2m,sell,Mango,USD Coin,0.3304,321
2022-10-11 22:29:26.36655,Mango,buy,Mango,USD Coin,0.1446,2
2022-10-11 22:29:26.36655,Mango,buy,Mango,USD Coin,0.1446,1448
2022-10-11 22:29:26.36655,Mango,buy,Mango,USD Coin,0.1392,5
2022-10-11 22:29:26.36655,Mango,buy,Mango,USD Coin,0.1392,2
2022-10-11 22:29:26.36655,Mango,buy,Mango,USD Coin,0.1392,18
2022-10-11 22:29:26.36655,Mango,buy,Mango,USD Coin,0.1392,1211
2022-10-11 22:29:26.36655,Mango,buy,Mango,USD Coin,0.1398,690
2022-10-11 22:29:26.36655,Mango,buy,Mango,USD Coin,0.1404,101
2022-10-11 22:29:26.36655,Mango,buy,Mango,USD Coin,0.1398,124
2022-10-11 22:29:26.36655,Mango,buy,Mango,USD Coin,0.1398,1
2022-10-11 22:29:26.36655,Mango,buy,Mango,USD Coin,0.1398,354
2022-10-11 22:29:26.36655,Mango,buy,Mango,USD Coin,0.1398,592
2022-10-11 22:29:26.36655,Mango,buy,Mango,USD Coin,0.1404,824
2022-10-11 22:29:26.36655,Mango,buy,Mango,USD Coin,0.141,1038
2022-10-11 22:29:26.36655,Mango,buy,Mango,USD Coin,0.1416,831
2022-10-11 22:29:26.36655,Mango,buy,Mango,USD Coin,0.1428,2750
2022-10-11 22:29:26.36655,Mango,buy,Mango,USD Coin,0.4912,1533
2022-10-11 22:29:26.36655,Mango,buy,Mango,USD Coin,0.1476,5962
2022-10-11 22:29:26.36655,Mango,buy,Mango,USD Coin,0.1446,1245
2022-10-11 22:27:42.640017,AasQTQH9oroodW5vi3uEoDuLyJDVfMz7GWehvisdGmDX,buy,Mango,USD Coin,0.0446,21
2022-10-11 22:27:42.640017,AasQTQH9oroodW5vi3uEoDuLyJDVfMz7GWehvisdGmDX,buy,Mango,USD Coin,0.0395,1
2022-10-11 22:27:42.640017,AasQTQH9oroodW5vi3uEoDuLyJDVfMz7GWehvisdGmDX,buy,Mango,USD Coin,0.0396,21
2022-10-11 22:27:42.640017,AasQTQH9oroodW5vi3uEoDuLyJDVfMz7GWehvisdGmDX,buy,Mango,USD Coin,0.0462,5
2022-10-11 22:27:42.640017,AasQTQH9oroodW5vi3uEoDuLyJDVfMz7GWehvisdGmDX,buy,Mango,USD Coin,0.0594,14
2022-10-11 22:27:42.640017,AasQTQH9oroodW5vi3uEoDuLyJDVfMz7GWehvisdGmDX,buy,Mango,USD Coin,0.0594,7
2022-10-11 22:27:42.640017,AasQTQH9oroodW5vi3uEoDuLyJDVfMz7GWehvisdGmDX,buy,Mango,USD Coin,0.4912,2
2022-10-11 22:27:42.640017,ysj1Fy5BNgos8ZewpPRCqVjN6CACJwo4Z6iwQkA93u2,buy,Mango,USD Coin,0.0495,18
2022-10-11 22:27:42.640017,AasQTQH9oroodW5vi3uEoDuLyJDVfMz7GWehvisdGmDX,buy,Mango,USD Coin,0.0495,3
2022-10-11 22:27:31.144119,8JfPbroaxRsVHnzrUE7V7KpjQUhQLsPs54qp479caqb8,buy,Mango,USD Coin,0.0417,546
2022-10-11 22:27:31.144119,FZwsdXqjx1arPm5aQxN4qVRRMZ8GFYiVvUrs54ZoJfUU,buy,Mango,USD Coin,0.4912,20
2022-10-11 22:27:31.144119,FZwsdXqjx1arPm5aQxN4qVRRMZ8GFYiVvUrs54ZoJfUU,buy,Mango,USD Coin,0.0405,358
2022-10-11 22:27:31.144119,CMxukMpUgsD9GSedAqrRG2EJ5rnbwb4HLPHpMCk27HqC,buy,Mango,USD Coin,0.0417,44
2022-10-11 22:27:31.144119,CMxukMpUgsD9GSedAqrRG2EJ5rnbwb4HLPHpMCk27HqC,buy,Mango,USD Coin,0.4912,1
2022-10-11 22:27:31.144119,EfaedeX5aRiZbR3qusCezvtuwsNB2JmgBD7JQXjEzH6p,buy,Mango,USD Coin,0.0485,2349
2022-10-11 22:27:31.144119,Ab7uZRHpyC3LV82T1toYaDWqsAYZbFzFHz7Q9mNZ6EqN,buy,Mango,USD Coin,0.0485,808
2022-10-11 22:27:31.144119,EFtvVdhGYobBWux75PRsyaQRJYsMtdHF2SH9PuSUGYdy,buy,Mango,USD Coin,0.4912,20
2022-10-11 22:27:31.144119,EFtvVdhGYobBWux75PRsyaQRJYsMtdHF2SH9PuSUGYdy,buy,Mango,USD Coin,0.0409,263
2022-10-11 22:27:31.144119,8JfPbroaxRsVHnzrUE7V7KpjQUhQLsPs54qp479caqb8,buy,Mango,USD Coin,0.4912,7
2022-10-11 22:27:31.144119,8JfPbroaxRsVHnzrUE7V7KpjQUhQLsPs54qp479caqb8,buy,Mango,USD Coin,0.0405,468
2022-10-11 22:27:31.144119,Ab7uZRHpyC3LV82T1toYaDWqsAYZbFzFHz7Q9mNZ6EqN,buy,Mango,USD Coin,0.4912,12
2022-10-11 22:27:20.519211,AasQTQH9oroodW5vi3uEoDuLyJDVfMz7GWehvisdGmDX,buy,Mango,USD Coin,0.4912,5
2022-10-11 22:27:20.519211,AXbWErFD6be4GAGkESjzZkzapJPbJ5ivHBDusHQtDZ7H,buy,Mango,USD Coin,0.052,974
2022-10-11 22:27:20.519211,EfaedeX5aRiZbR3qusCezvtuwsNB2JmgBD7JQXjEzH6p,buy,Mango,USD Coin,0.052,2575
2022-10-11 22:27:20.519211,ysj1Fy5BNgos8ZewpPRCqVjN6CACJwo4Z6iwQkA93u2,buy,Mango,USD Coin,0.0417,755
2022-10-11 22:27:20.519211,Ai5ZrhuwvDiLubv7gNpVS1v9qrKo5kxfARZGtKagkvH9,buy,Mango,USD Coin,0.052,885
2022-10-11 22:27:20.519211,EfaedeX5aRiZbR3qusCezvtuwsNB2JmgBD7JQXjEzH6p,buy,Mango,USD Coin,0.0429,1078
2022-10-11 22:27:20.519211,EfaedeX5aRiZbR3qusCezvtuwsNB2JmgBD7JQXjEzH6p,buy,Mango,USD Coin,0.4912,109
2022-10-11 22:27:20.519211,Ai5ZrhuwvDiLubv7gNpVS1v9qrKo5kxfARZGtKagkvH9,buy,Mango,USD Coin,0.052,38
2022-10-11 22:27:20.519211,Ai5ZrhuwvDiLubv7gNpVS1v9qrKo5kxfARZGtKagkvH9,buy,Mango,USD Coin,0.052,261
2022-10-11 22:27:20.519211,Ai5ZrhuwvDiLubv7gNpVS1v9qrKo5kxfARZGtKagkvH9,buy,Mango,USD Coin,0.4912,51
2022-10-11 22:27:20.519211,FZwsdXqjx1arPm5aQxN4qVRRMZ8GFYiVvUrs54ZoJfUU,buy,Mango,USD Coin,0.0561,422
2022-10-11 22:27:20.519211,EDMGEpKKGKS7nxpu1gjLmuHHWAmvLNy3BZWDxNC3nhAt,buy,Mango,USD Coin,0.0561,888
2022-10-11 22:27:20.519211,Ai5ZrhuwvDiLubv7gNpVS1v9qrKo5kxfARZGtKagkvH9,buy,Mango,USD Coin,0.0561,4560
2022-10-11 22:27:20.519211,Ai5ZrhuwvDiLubv7gNpVS1v9qrKo5kxfARZGtKagkvH9,buy,Mango,USD Coin,0.4912,306
2022-10-11 22:27:20.519211,Ai5ZrhuwvDiLubv7gNpVS1v9qrKo5kxfARZGtKagkvH9,buy,Mango,USD Coin,0.0401,269
2022-10-11 22:27:20.519211,Ai5ZrhuwvDiLubv7gNpVS1v9qrKo5kxfARZGtKagkvH9,buy,Mango,USD Coin,0.4912,43
2022-10-11 22:27:20.519211,8JfPbroaxRsVHnzrUE7V7KpjQUhQLsPs54qp479caqb8,buy,Mango,USD Coin,0.0409,278
2022-10-11 22:27:20.519211,AasQTQH9oroodW5vi3uEoDuLyJDVfMz7GWehvisdGmDX,buy,Mango,USD Coin,0.0409,325
2022-10-11 22:27:15.312557,EDMGEpKKGKS7nxpu1gjLmuHHWAmvLNy3BZWDxNC3nhAt,buy,Mango,USD Coin,0.041,86
2022-10-11 22:27:15.312557,EFtvVdhGYobBWux75PRsyaQRJYsMtdHF2SH9PuSUGYdy,buy,Mango,USD Coin,0.041,507
2022-10-11 22:27:15.312557,Ab7uZRHpyC3LV82T1toYaDWqsAYZbFzFHz7Q9mNZ6EqN,buy,Mango,USD Coin,0.4912,28
2022-10-11 22:27:15.312557,Ab7uZRHpyC3LV82T1toYaDWqsAYZbFzFHz7Q9mNZ6EqN,buy,Mango,USD Coin,0.0422,747
2022-10-11 22:27:15.312557,EDMGEpKKGKS7nxpu1gjLmuHHWAmvLNy3BZWDxNC3nhAt,buy,Mango,USD Coin,0.4912,12
2022-10-11 22:27:15.312528,Ab7uZRHpyC3LV82T1toYaDWqsAYZbFzFHz7Q9mNZ6EqN,buy,Mango,USD Coin,0.043,115
2022-10-11 22:27:15.312528,8JfPbroaxRsVHnzrUE7V7KpjQUhQLsPs54qp479caqb8,buy,Mango,USD Coin,0.043,106
2022-10-11 22:27:15.312528,Ai5ZrhuwvDiLubv7gNpVS1v9qrKo5kxfARZGtKagkvH9,buy,Mango,USD Coin,0.043,581
2022-10-11 22:27:15.312528,AasQTQH9oroodW5vi3uEoDuLyJDVfMz7GWehvisdGmDX,buy,Mango,USD Coin,0.043,82
2022-10-11 22:27:15.312528,Ai5ZrhuwvDiLubv7gNpVS1v9qrKo5kxfARZGtKagkvH9,buy,Mango,USD Coin,0.043,93
2022-10-11 22:27:15.312528,Ai5ZrhuwvDiLubv7gNpVS1v9qrKo5kxfARZGtKagkvH9,buy,Mango,USD Coin,0.043,377
2022-10-11 22:27:15.312528,Ai5ZrhuwvDiLubv7gNpVS1v9qrKo5kxfARZGtKagkvH9,buy,Mango,USD Coin,0.4912,17
2022-10-11 22:27:15.312528,Ab7uZRHpyC3LV82T1toYaDWqsAYZbFzFHz7Q9mNZ6EqN,buy,Mango,USD Coin,0.0406,558
2022-10-11 22:27:15.312528,AasQTQH9oroodW5vi3uEoDuLyJDVfMz7GWehvisdGmDX,buy,Mango,USD Coin,0.0406,86
2022-10-11 22:27:15.312528,EFtvVdhGYobBWux75PRsyaQRJYsMtdHF2SH9PuSUGYdy,buy,Mango,USD Coin,0.0406,310
2022-10-11 22:27:15.312528,EFtvVdhGYobBWux75PRsyaQRJYsMtdHF2SH9PuSUGYdy,buy,Mango,USD Coin,0.4912,59
2022-10-11 22:27:15.312528,Fsb16JMXAWLML5PTLKVh5Lg1xviVB6ah5p7YYcJEw3g2,buy,Mango,USD Coin,0.0418,722
2022-10-11 22:27:15.312528,Fsb16JMXAWLML5PTLKVh5Lg1xviVB6ah5p7YYcJEw3g2,buy,Mango,USD Coin,0.4912,5
2022-10-11 22:27:09.895674,Ai5ZrhuwvDiLubv7gNpVS1v9qrKo5kxfARZGtKagkvH9,buy,Mango,USD Coin,0.0402,606
2022-10-11 22:27:09.895674,EFtvVdhGYobBWux75PRsyaQRJYsMtdHF2SH9PuSUGYdy,buy,Mango,USD Coin,0.0426,488
2022-10-11 22:27:09.895674,Ab7uZRHpyC3LV82T1toYaDWqsAYZbFzFHz7Q9mNZ6EqN,buy,Mango,USD Coin,0.0426,445
2022-10-11 22:27:09.895674,Ab7uZRHpyC3LV82T1toYaDWqsAYZbFzFHz7Q9mNZ6EqN,buy,Mango,USD Coin,0.4912,7
2022-10-11 22:27:09.895674,Ai5ZrhuwvDiLubv7gNpVS1v9qrKo5kxfARZGtKagkvH9,buy,Mango,USD Coin,0.4912,50
2022-10-11 22:27:04.443173,ysj1Fy5BNgos8ZewpPRCqVjN6CACJwo4Z6iwQkA93u2,buy,Mango,USD Coin,0.4912,416
2022-10-11 22:27:04.443173,ysj1Fy5BNgos8ZewpPRCqVjN6CACJwo4Z6iwQkA93u2,buy,Mango,USD Coin,0.0412,1188
2022-10-11 22:26:58.794059,yUJw9a2PyoqKkH47i4yEGf4WXomSHMiK7Lp29Xs2NqM,buy,Mango,USD Coin,0.0389,4
2022-10-11 22:26:58.79405,yUJw9a2PyoqKkH47i4yEGf4WXomSHMiK7Lp29Xs2NqM,buy,Mango,USD Coin,0.0398,5
2022-10-11 22:26:58.79405,yUJw9a2PyoqKkH47i4yEGf4WXomSHMiK7Lp29Xs2NqM,buy,Mango,USD Coin,0.0425,2179
2022-10-11 22:26:58.79405,yUJw9a2PyoqKkH47i4yEGf4WXomSHMiK7Lp29Xs2NqM,buy,Mango,USD Coin,0.0428,1
2022-10-11 22:26:58.79405,yUJw9a2PyoqKkH47i4yEGf4WXomSHMiK7Lp29Xs2NqM,buy,Mango,USD Coin,0.0395,687
2022-10-11 22:26:58.79405,yUJw9a2PyoqKkH47i4yEGf4WXomSHMiK7Lp29Xs2NqM,buy,Mango,USD Coin,0.0403,1257
2022-10-11 22:26:58.79405,yUJw9a2PyoqKkH47i4yEGf4WXomSHMiK7Lp29Xs2NqM,buy,Mango,USD Coin,0.0399,1160
2022-10-11 22:26:58.79405,yUJw9a2PyoqKkH47i4yEGf4WXomSHMiK7Lp29Xs2NqM,buy,Mango,USD Coin,0.0445,1
2022-10-11 22:26:58.79405,yUJw9a2PyoqKkH47i4yEGf4WXomSHMiK7Lp29Xs2NqM,buy,Mango,USD Coin,0.0446,21
2022-10-11 22:26:58.79405,yUJw9a2PyoqKkH47i4yEGf4WXomSHMiK7Lp29Xs2NqM,buy,Mango,USD Coin,0.0449,5
2022-10-11 22:26:58.79405,yUJw9a2PyoqKkH47i4yEGf4WXomSHMiK7Lp29Xs2NqM,buy,Mango,USD Coin,0.0461,1
2022-10-11 22:26:58.79405,yUJw9a2PyoqKkH47i4yEGf4WXomSHMiK7Lp29Xs2NqM,buy,Mango,USD Coin,0.0436,5
2022-10-11 22:26:58.79405,yUJw9a2PyoqKkH47i4yEGf4WXomSHMiK7Lp29Xs2NqM,buy,Mango,USD Coin,0.0407,1302
2022-10-11 22:26:58.79405,yUJw9a2PyoqKkH47i4yEGf4WXomSHMiK7Lp29Xs2NqM,buy,Mango,USD Coin,0.0411,1205
2022-10-11 22:26:58.79405,yUJw9a2PyoqKkH47i4yEGf4WXomSHMiK7Lp29Xs2NqM,buy,Mango,USD Coin,0.0411,5
2022-10-11 22:26:58.79405,yUJw9a2PyoqKkH47i4yEGf4WXomSHMiK7Lp29Xs2NqM,buy,Mango,USD Coin,0.0412,1
2022-10-11 22:26:58.79405,yUJw9a2PyoqKkH47i4yEGf4WXomSHMiK7Lp29Xs2NqM,buy,Mango,USD Coin,0.0415,1672
2022-10-11 22:26:58.79405,yUJw9a2PyoqKkH47i4yEGf4WXomSHMiK7Lp29Xs2NqM,buy,Mango,USD Coin,0.0419,2016
2022-10-11 22:26:58.79405,yUJw9a2PyoqKkH47i4yEGf4WXomSHMiK7Lp29Xs2NqM,buy,Mango,USD Coin,0.0424,5
2022-10-11 22:26:58.79405,yUJw9a2PyoqKkH47i4yEGf4WXomSHMiK7Lp29Xs2NqM,buy,Mango,USD Coin,0.0478,1
2022-10-11 22:26:58.79405,yUJw9a2PyoqKkH47i4yEGf4WXomSHMiK7Lp29Xs2NqM,buy,Mango,USD Coin,0.0479,6568
2022-10-11 22:26:58.794017,yUJw9a2PyoqKkH47i4yEGf4WXomSHMiK7Lp29Xs2NqM,buy,Mango,USD Coin,0.0575,169222
2022-10-11 22:26:58.794017,yUJw9a2PyoqKkH47i4yEGf4WXomSHMiK7Lp29Xs2NqM,buy,Mango,USD Coin,0.056,1
2022-10-11 22:26:58.794017,yUJw9a2PyoqKkH47i4yEGf4WXomSHMiK7Lp29Xs2NqM,buy,Mango,USD Coin,0.0558,8810
2022-10-11 22:26:58.794017,yUJw9a2PyoqKkH47i4yEGf4WXomSHMiK7Lp29Xs2NqM,buy,Mango,USD Coin,0.06,158733
2022-10-11 22:26:58.794017,yUJw9a2PyoqKkH47i4yEGf4WXomSHMiK7Lp29Xs2NqM,buy,Mango,USD Coin,0.0525,96519
2022-10-11 22:26:58.794017,yUJw9a2PyoqKkH47i4yEGf4WXomSHMiK7Lp29Xs2NqM,buy,Mango,USD Coin,0.0527,1
2022-10-11 22:26:58.794017,yUJw9a2PyoqKkH47i4yEGf4WXomSHMiK7Lp29Xs2NqM,buy,Mango,USD Coin,0.0542,3345
2022-10-11 22:26:58.794017,yUJw9a2PyoqKkH47i4yEGf4WXomSHMiK7Lp29Xs2NqM,buy,Mango,USD Coin,0.0543,1
2022-10-11 22:26:58.794017,yUJw9a2PyoqKkH47i4yEGf4WXomSHMiK7Lp29Xs2NqM,buy,Mango,USD Coin,0.0544,21
2022-10-11 22:26:58.794017,yUJw9a2PyoqKkH47i4yEGf4WXomSHMiK7Lp29Xs2NqM,buy,Mango,USD Coin,0.0623,321
2022-10-11 22:26:58.794017,yUJw9a2PyoqKkH47i4yEGf4WXomSHMiK7Lp29Xs2NqM,buy,Mango,USD Coin,0.0622,176253
2022-10-11 22:26:58.794017,yUJw9a2PyoqKkH47i4yEGf4WXomSHMiK7Lp29Xs2NqM,buy,Mango,USD Coin,0.0509,1
2022-10-11 22:26:58.794017,yUJw9a2PyoqKkH47i4yEGf4WXomSHMiK7Lp29Xs2NqM,buy,Mango,USD Coin,0.0518,10120
2022-10-11 22:26:58.794017,yUJw9a2PyoqKkH47i4yEGf4WXomSHMiK7Lp29Xs2NqM,buy,Mango,USD Coin,0.055,159561
2022-10-11 22:26:58.794017,yUJw9a2PyoqKkH47i4yEGf4WXomSHMiK7Lp29Xs2NqM,buy,Mango,USD Coin,0.05,57164
2022-10-11 22:26:58.794017,yUJw9a2PyoqKkH47i4yEGf4WXomSHMiK7Lp29Xs2NqM,buy,Mango,USD Coin,0.0495,21
2022-10-11 22:26:58.794017,yUJw9a2PyoqKkH47i4yEGf4WXomSHMiK7Lp29Xs2NqM,buy,Mango,USD Coin,0.0494,1
2022-10-11 22:26:58.794017,yUJw9a2PyoqKkH47i4yEGf4WXomSHMiK7Lp29Xs2NqM,buy,Mango,USD Coin,0.049,6239
2022-10-11 22:26:58.794017,yUJw9a2PyoqKkH47i4yEGf4WXomSHMiK7Lp29Xs2NqM,buy,Mango,USD Coin,0.0594,21
2022-10-11 22:26:58.794017,yUJw9a2PyoqKkH47i4yEGf4WXomSHMiK7Lp29Xs2NqM,buy,Mango,USD Coin,0.059,2000
2022-10-11 22:26:58.793984,yUJw9a2PyoqKkH47i4yEGf4WXomSHMiK7Lp29Xs2NqM,buy,Mango,USD Coin,0.0934,428
2022-10-11 22:26:58.793984,yUJw9a2PyoqKkH47i4yEGf4WXomSHMiK7Lp29Xs2NqM,buy,Mango,USD Coin,0.065,379522
2022-10-11 22:26:58.793984,yUJw9a2PyoqKkH47i4yEGf4WXomSHMiK7Lp29Xs2NqM,buy,Mango,USD Coin,0.0747,401
2022-10-11 22:26:58.793984,yUJw9a2PyoqKkH47i4yEGf4WXomSHMiK7Lp29Xs2NqM,buy,Mango,USD Coin,0.08,5000
2022-10-11 22:26:58.793984,yUJw9a2PyoqKkH47i4yEGf4WXomSHMiK7Lp29Xs2NqM,buy,Mango,USD Coin,0.1293,1335
2022-10-11 22:26:58.793984,yUJw9a2PyoqKkH47i4yEGf4WXomSHMiK7Lp29Xs2NqM,buy,Mango,USD Coin,0.14,2127
2022-10-11 22:26:58.793984,yUJw9a2PyoqKkH47i4yEGf4WXomSHMiK7Lp29Xs2NqM,buy,Mango,USD Coin,0.14,16499
2022-10-11 22:26:58.793984,yUJw9a2PyoqKkH47i4yEGf4WXomSHMiK7Lp29Xs2NqM,buy,Mango,USD Coin,0.148,3000
2022-10-11 22:26:58.793984,yUJw9a2PyoqKkH47i4yEGf4WXomSHMiK7Lp29Xs2NqM,buy,Mango,USD Coin,0.15,40
2022-10-11 22:26:58.793984,yUJw9a2PyoqKkH47i4yEGf4WXomSHMiK7Lp29Xs2NqM,buy,Mango,USD Coin,0.164,15371
2022-10-11 22:26:58.793984,yUJw9a2PyoqKkH47i4yEGf4WXomSHMiK7Lp29Xs2NqM,buy,Mango,USD Coin,0.172,10
2022-10-11 22:26:58.793984,yUJw9a2PyoqKkH47i4yEGf4WXomSHMiK7Lp29Xs2NqM,buy,Mango,USD Coin,0.173,10
2022-10-11 22:26:58.793984,yUJw9a2PyoqKkH47i4yEGf4WXomSHMiK7Lp29Xs2NqM,buy,Mango,USD Coin,0.19,1111
2022-10-11 22:26:58.793984,yUJw9a2PyoqKkH47i4yEGf4WXomSHMiK7Lp29Xs2NqM,buy,Mango,USD Coin,0.2,8506
2022-10-11 22:26:58.793984,yUJw9a2PyoqKkH47i4yEGf4WXomSHMiK7Lp29Xs2NqM,buy,Mango,USD Coin,0.22,502
2022-10-11 22:26:58.793984,yUJw9a2PyoqKkH47i4yEGf4WXomSHMiK7Lp29Xs2NqM,buy,Mango,USD Coin,0.232,20353
2022-10-11 22:26:58.793984,yUJw9a2PyoqKkH47i4yEGf4WXomSHMiK7Lp29Xs2NqM,buy,Mango,USD Coin,0.2499,3532
2022-10-11 22:26:58.793984,yUJw9a2PyoqKkH47i4yEGf4WXomSHMiK7Lp29Xs2NqM,buy,Mango,USD Coin,0.25,10000
2022-10-11 22:26:58.793984,yUJw9a2PyoqKkH47i4yEGf4WXomSHMiK7Lp29Xs2NqM,buy,Mango,USD Coin,0.31,200
2022-10-11 22:26:58.793984,yUJw9a2PyoqKkH47i4yEGf4WXomSHMiK7Lp29Xs2NqM,buy,Mango,USD Coin,0.31,6728
2022-10-11 22:26:58.793975,yUJw9a2PyoqKkH47i4yEGf4WXomSHMiK7Lp29Xs2NqM,buy,Mango,USD Coin,0.48,111
2022-10-11 22:26:58.793975,yUJw9a2PyoqKkH47i4yEGf4WXomSHMiK7Lp29Xs2NqM,buy,Mango,USD Coin,0.45,6274
2022-10-11 22:26:58.793975,yUJw9a2PyoqKkH47i4yEGf4WXomSHMiK7Lp29Xs2NqM,buy,Mango,USD Coin,0.4549,413
2022-10-11 22:26:58.793975,yUJw9a2PyoqKkH47i4yEGf4WXomSHMiK7Lp29Xs2NqM,buy,Mango,USD Coin,0.4387,119
2022-10-11 22:26:58.793975,Ab7uZRHpyC3LV82T1toYaDWqsAYZbFzFHz7Q9mNZ6EqN,buy,Mango,USD Coin,0.0424,1069
2022-10-11 22:26:58.793975,yUJw9a2PyoqKkH47i4yEGf4WXomSHMiK7Lp29Xs2NqM,buy,Mango,USD Coin,0.47,38
2022-10-11 22:26:58.793975,yUJw9a2PyoqKkH47i4yEGf4WXomSHMiK7Lp29Xs2NqM,buy,Mango,USD Coin,0.437,50
2022-10-11 22:26:58.793975,yUJw9a2PyoqKkH47i4yEGf4WXomSHMiK7Lp29Xs2NqM,buy,Mango,USD Coin,0.47,8000
2022-10-11 22:26:58.793975,yUJw9a2PyoqKkH47i4yEGf4WXomSHMiK7Lp29Xs2NqM,buy,Mango,USD Coin,0.4298,2000
2022-10-11 22:26:58.793975,yUJw9a2PyoqKkH47i4yEGf4WXomSHMiK7Lp29Xs2NqM,buy,Mango,USD Coin,0.477,3151
2022-10-11 22:26:58.793975,yUJw9a2PyoqKkH47i4yEGf4WXomSHMiK7Lp29Xs2NqM,buy,Mango,USD Coin,0.4,155
2022-10-11 22:26:58.793975,yUJw9a2PyoqKkH47i4yEGf4WXomSHMiK7Lp29Xs2NqM,buy,Mango,USD Coin,0.398,1500
2022-10-11 22:26:58.793975,yUJw9a2PyoqKkH47i4yEGf4WXomSHMiK7Lp29Xs2NqM,buy,Mango,USD Coin,0.362,491
2022-10-11 22:26:58.793975,yUJw9a2PyoqKkH47i4yEGf4WXomSHMiK7Lp29Xs2NqM,buy,Mango,USD Coin,0.35,308
2022-10-11 22:26:58.793975,yUJw9a2PyoqKkH47i4yEGf4WXomSHMiK7Lp29Xs2NqM,buy,Mango,USD Coin,0.315,1871
2022-10-11 22:26:58.793975,yUJw9a2PyoqKkH47i4yEGf4WXomSHMiK7Lp29Xs2NqM,buy,Mango,USD Coin,0.44,100
2022-10-11 22:26:58.793975,Ab7uZRHpyC3LV82T1toYaDWqsAYZbFzFHz7Q9mNZ6EqN,buy,Mango,USD Coin,0.4912,15
2022-10-11 22:26:58.793975,Ab7uZRHpyC3LV82T1toYaDWqsAYZbFzFHz7Q9mNZ6EqN,buy,Mango,USD Coin,0.04,939
2022-10-11 22:26:58.793975,yUJw9a2PyoqKkH47i4yEGf4WXomSHMiK7Lp29Xs2NqM,buy,Mango,USD Coin,0.4912,33719
2022-10-11 22:26:58.793975,yUJw9a2PyoqKkH47i4yEGf4WXomSHMiK7Lp29Xs2NqM,buy,Mango,USD Coin,0.491,22
2022-10-11 22:26:58.793945,Ai5ZrhuwvDiLubv7gNpVS1v9qrKo5kxfARZGtKagkvH9,buy,Mango,USD Coin,0.4912,113
2022-10-11 22:26:58.793945,Ab7uZRHpyC3LV82T1toYaDWqsAYZbFzFHz7Q9mNZ6EqN,buy,Mango,USD Coin,0.0553,1866
2022-10-11 22:26:58.793945,Ai5ZrhuwvDiLubv7gNpVS1v9qrKo5kxfARZGtKagkvH9,buy,Mango,USD Coin,0.0404,1263
2022-10-11 22:26:58.793945,EfaedeX5aRiZbR3qusCezvtuwsNB2JmgBD7JQXjEzH6p,buy,Mango,USD Coin,0.0553,1843
2022-10-11 22:26:58.793945,Ai5ZrhuwvDiLubv7gNpVS1v9qrKo5kxfARZGtKagkvH9,buy,Mango,USD Coin,0.0553,6282
2022-10-11 22:26:58.793945,AXbWErFD6be4GAGkESjzZkzapJPbJ5ivHBDusHQtDZ7H,buy,Mango,USD Coin,0.0424,1191
2022-10-11 22:26:58.793945,EfaedeX5aRiZbR3qusCezvtuwsNB2JmgBD7JQXjEzH6p,buy,Mango,USD Coin,0.0412,1209
2022-10-11 22:26:58.793945,EfaedeX5aRiZbR3qusCezvtuwsNB2JmgBD7JQXjEzH6p,buy,Mango,USD Coin,0.4912,177
2022-10-11 22:26:58.793945,EFtvVdhGYobBWux75PRsyaQRJYsMtdHF2SH9PuSUGYdy,buy,Mango,USD Coin,0.0416,999
2022-10-11 22:26:58.793945,Ab7uZRHpyC3LV82T1toYaDWqsAYZbFzFHz7Q9mNZ6EqN,buy,Mango,USD Coin,0.0416,1113
2022-10-11 22:26:58.793945,Ab7uZRHpyC3LV82T1toYaDWqsAYZbFzFHz7Q9mNZ6EqN,buy,Mango,USD Coin,0.4912,126
2022-10-11 22:26:58.793945,Ai5ZrhuwvDiLubv7gNpVS1v9qrKo5kxfARZGtKagkvH9,buy,Mango,USD Coin,0.0474,591
2022-10-11 22:26:58.793945,Ai5ZrhuwvDiLubv7gNpVS1v9qrKo5kxfARZGtKagkvH9,buy,Mango,USD Coin,0.0474,5715
2022-10-11 22:26:58.793945,Ai5ZrhuwvDiLubv7gNpVS1v9qrKo5kxfARZGtKagkvH9,buy,Mango,USD Coin,0.4912,363
2022-10-11 22:26:58.793945,Ai5ZrhuwvDiLubv7gNpVS1v9qrKo5kxfARZGtKagkvH9,buy,Mango,USD Coin,0.0396,700
2022-10-11 22:26:58.793945,Ai5ZrhuwvDiLubv7gNpVS1v9qrKo5kxfARZGtKagkvH9,buy,Mango,USD Coin,0.4912,47
2022-10-11 22:26:58.793945,GjtTWjJ6hRemHVP48wMxQ9KrhpayYHLwJtsvWP5G8m2P,buy,Mango,USD Coin,0.042,1994
2022-10-11 22:26:58.793945,EfaedeX5aRiZbR3qusCezvtuwsNB2JmgBD7JQXjEzH6p,buy,Mango,USD Coin,0.0514,2469
2022-10-11 22:26:58.793945,Fsb16JMXAWLML5PTLKVh5Lg1xviVB6ah5p7YYcJEw3g2,buy,Mango,USD Coin,0.0514,1944
2022-10-11 22:26:58.793945,Ab7uZRHpyC3LV82T1toYaDWqsAYZbFzFHz7Q9mNZ6EqN,buy,Mango,USD Coin,0.0404,142
2022-10-11 22:26:58.79393,FZwsdXqjx1arPm5aQxN4qVRRMZ8GFYiVvUrs54ZoJfUU,buy,Mango,USD Coin,0.0479,4625
2022-10-11 22:26:58.79393,FZwsdXqjx1arPm5aQxN4qVRRMZ8GFYiVvUrs54ZoJfUU,buy,Mango,USD Coin,0.4912,96
2022-10-11 22:26:58.79393,AasQTQH9oroodW5vi3uEoDuLyJDVfMz7GWehvisdGmDX,buy,Mango,USD Coin,0.4912,214
2022-10-11 22:26:58.79393,AasQTQH9oroodW5vi3uEoDuLyJDVfMz7GWehvisdGmDX,buy,Mango,USD Coin,0.0514,3223
2022-10-11 22:26:58.79393,EfaedeX5aRiZbR3qusCezvtuwsNB2JmgBD7JQXjEzH6p,buy,Mango,USD Coin,0.042,1509
2022-10-11 22:26:58.79393,EfaedeX5aRiZbR3qusCezvtuwsNB2JmgBD7JQXjEzH6p,buy,Mango,USD Coin,0.4912,135
2022-10-11 22:26:58.79393,FZwsdXqjx1arPm5aQxN4qVRRMZ8GFYiVvUrs54ZoJfUU,buy,Mango,USD Coin,0.04,743
2022-10-11 17:46:00.639579,Mango,sell,Mango,USD Coin,0.0386,589
2022-10-11 17:46:00.639579,Mango,sell,Mango,USD Coin,0.0383,1115
2022-10-11 17:46:00.639579,Mango,sell,Mango,USD Coin,0.038,11327
2022-10-11 17:45:34.689566,Mango,sell,Mango,USD Coin,0.0387,616
2022-10-11 17:10:41.905818,Mango,sell,Mango,USD Coin,0.0382,1167
2022-10-11 17:10:41.905818,Mango,sell,Mango,USD Coin,0.0392,10
2022-10-11 17:10:41.905818,Mango,sell,Mango,USD Coin,0.0387,782
2022-10-11 17:10:41.905818,Mango,sell,Mango,USD Coin,0.0392,1
2022-10-11 17:10:41.905818,Mango,sell,Mango,USD Coin,0.0386,5
2022-10-11 17:10:41.905818,Mango,sell,Mango,USD Coin,0.038,14754
2022-10-11 16:28:41.287212,Mango,buy,Mango,USD Coin,0.0418,10
2022-10-11 16:28:29.444121,Mango,buy,Mango,USD Coin,0.0406,1446
2022-10-11 16:28:29.444121,Mango,buy,Mango,USD Coin,0.0395,1
2022-10-11 16:28:29.444121,Mango,buy,Mango,USD Coin,0.0395,831
2022-10-11 16:28:29.444121,Mango,buy,Mango,USD Coin,0.0398,5
2022-10-11 16:28:29.444121,Mango,buy,Mango,USD Coin,0.0398,927
2022-10-11 16:28:29.444121,Mango,buy,Mango,USD Coin,0.0402,1102
2022-10-11 16:28:29.444121,Mango,buy,Mango,USD Coin,0.041,1434
2022-10-11 16:28:29.444121,Mango,buy,Mango,USD Coin,0.0411,5
2022-10-11 16:28:29.444121,Mango,buy,Mango,USD Coin,0.0414,1989
2022-10-11 16:28:29.444121,Mango,buy,Mango,USD Coin,0.0418,2260
2022-10-11 15:40:32.690274,Mango,sell,Mango,USD Coin,0.0389,17
2022-10-11 15:40:32.690274,Mango,sell,Mango,USD Coin,0.0389,4
2022-10-11 15:37:43.540405,Mango,sell,Mango,USD Coin,0.0389,1
2022-10-11 14:42:40.965338,Mango,buy,Mango,USD Coin,0.0394,180
2022-10-11 14:42:40.965338,Mango,buy,Mango,USD Coin,0.039,200
2022-10-11 14:07:13.506121,Mango,sell,Mango,USD Coin,0.0386,690
2022-10-11 14:07:13.506121,Mango,sell,Mango,USD Coin,0.0386,5
2022-10-11 14:06:28.405221,Mango,sell,Mango,USD Coin,0.0386,791
2022-10-11 14:06:28.405221,Mango,sell,Mango,USD Coin,0.038,2837
2022-10-11 14:05:10.935159,Mango,buy,Mango,USD Coin,0.0416,1444
2022-10-11 14:05:10.935159,Mango,buy,Mango,USD Coin,0.0418,1928
2022-10-11 14:05:10.935159,Mango,buy,Mango,USD Coin,0.0425,252
2022-10-11 14:05:10.935159,Mango,buy,Mango,USD Coin,0.0424,5
2022-10-11 14:05:10.935159,Mango,buy,Mango,USD Coin,0.0394,680
2022-10-11 14:05:10.935159,Mango,buy,Mango,USD Coin,0.0398,5
2022-10-11 14:05:10.935159,Mango,buy,Mango,USD Coin,0.0401,198
2022-10-11 14:05:10.935159,Mango,buy,Mango,USD Coin,0.0405,1223
2022-10-11 14:05:10.935159,Mango,buy,Mango,USD Coin,0.0411,5
2022-10-11 14:05:10.935159,Mango,buy,Mango,USD Coin,0.0412,1
2022-10-11 14:05:10.935159,Mango,buy,Mango,USD Coin,0.0414,1423
2022-10-11 14:05:10.935159,Mango,buy,Mango,USD Coin,0.0416,94
2022-10-11 14:04:03.144466,Mango,sell,Mango,USD Coin,0.038,1751
2022-10-11 14:04:03.144466,Mango,sell,Mango,USD Coin,0.0386,762
2022-10-11 14:04:03.144466,Mango,sell,Mango,USD Coin,0.0386,5
2022-10-11 14:04:03.144466,Mango,sell,Mango,USD Coin,0.0382,1048
2022-10-11 14:04:03.144466,Mango,sell,Mango,USD Coin,0.0382,64
2022-10-11 14:04:03.144466,Mango,sell,Mango,USD Coin,0.038,1815
2022-10-11 14:02:10.062454,Mango,buy,Mango,USD Coin,0.0396,545
2022-10-11 14:02:10.062454,Mango,buy,Mango,USD Coin,0.039,1816
2022-10-11 14:02:10.062454,Mango,buy,Mango,USD Coin,0.039,428
2022-10-11 14:02:10.062454,Mango,buy,Mango,USD Coin,0.0398,5
2022-10-11 14:02:10.062454,Mango,buy,Mango,USD Coin,0.0401,838
2022-10-11 14:00:50.922388,Mango,sell,Mango,USD Coin,0.0384,962
2022-10-11 14:00:50.922388,Mango,sell,Mango,USD Coin,0.0386,300
2022-10-11 14:00:50.922357,Mango,sell,Mango,USD Coin,0.0382,555
2022-10-11 14:00:45.262122,Mango,sell,Mango,USD Coin,0.0386,5
2022-10-11 14:00:45.262122,Mango,sell,Mango,USD Coin,0.0386,1048
2022-10-11 14:00:45.262122,Mango,sell,Mango,USD Coin,0.0387,764
2022-10-11 14:00:45.262098,Mango,sell,Mango,USD Coin,0.0386,130
2022-10-11 14:00:22.18986,Alameda,buy,Mango,USD Coin,0.0388,2
2022-10-11 13:29:43.430712,EDMGEpKKGKS7nxpu1gjLmuHHWAmvLNy3BZWDxNC3nhAt,buy,Mango,USD Coin,0.039,256
2022-10-11 09:55:38.980763,MAJ7epR484m7D515h9AwQNdfJ4TSGk4RmhrWH29iv47,sell,Mango,USD Coin,0.0393,226
2022-10-11 08:32:32.30121,Dmzu6aKL3wqYWSm5s6EwyKteFNnpjKQQYkixavWkj3jM,sell,Mango,USD Coin,0.0393,410
2022-10-11 01:04:34.872036,Mango,sell,Mango,USD Coin,0.0394,1
2022-10-11 01:01:35.949189,Mango,buy,Mango,USD Coin,0.0399,1
2022-10-11 00:40:26.692195,Mango,sell,Mango,USD Coin,0.039,1
2022-10-11 00:39:06.188768,Mango,sell,Mango,USD Coin,0.039,676
2022-10-11 00:39:06.188768,CMxukMpUgsD9GSedAqrRG2EJ5rnbwb4HLPHpMCk27HqC,buy,Mango,USD Coin,0.039,8170
2022-10-11 00:39:06.188768,Ai5ZrhuwvDiLubv7gNpVS1v9qrKo5kxfARZGtKagkvH9,buy,Mango,USD Coin,0.039,1386
2022-10-11 00:39:06.188768,GaLUQAjCwxGgTDG3ixy4MiFVBBx3txNupQWpcCn8Wsbw,buy,Mango,USD Coin,0.039,2000
2022-10-11 00:39:06.188768,Alameda,buy,Mango,USD Coin,0.039,60419
2022-10-11 00:39:06.188768,Alameda,buy,Mango,USD Coin,0.039,20679
2022-10-11 00:39:06.188768,ATCvfjcytTLkU9iu3TCtLpixkDtDsYRB9goyZWQjFHXq,buy,Mango,USD Coin,0.039,128
2022-10-11 00:39:06.188768,Mango,sell,Mango,USD Coin,0.0392,881
2022-10-11 00:17:36.295201,Mango,sell,Mango,USD Coin,0.0392,551
2022-10-11 00:17:36.295201,Mango,sell,Mango,USD Coin,0.039,602
2022-10-11 00:14:21.570073,Mango,sell,Mango,USD Coin,0.04,1
2022-10-11 00:14:21.570073,Mango,sell,Mango,USD Coin,0.0394,5
2022-10-11 00:14:21.570073,Mango,sell,Mango,USD Coin,0.0395,1
2022-10-11 00:14:21.570073,Mango,sell,Mango,USD Coin,0.0398,5
